收盘价,成交量
2266.046,192124869
2235.511,129166583
2217.2,105202496
2195.818,124229014
2209.465,120885885
2207.106,163507424
2229.274,162119578
2240.812,160111672
2230.458,165733498
2240.211,167658383
2245.33,177744592
2239.466,163928626
2226.734,149978691
2206.466,170149123
2222.877,178062806
2221.595,154799046
2224.654,150583421
2194.425,135181443
2187.669,175233274
2217.465,177711707
2219.945,175386987
2223.331,174097403
2185.303,191475042
2201.562,164691654
2181.243,184922187
2183.192,200264257
2177.948,236185752
2126.614,142495826
2105.062,165676996
2078.489,137292211
2075.481,123191868
2054.479,93857870
2059.067,106641094
2055.591,104491812
2067.276,137128020
2070.357,124488768
2066.646,115119740
2046.961,105088083
2038.342,97943819
2038.612,113305841
2064.021,95053393
2059.927,97168754
2059.375,105008792
2063.229,122926582
2059.418,109553911
2050.381,98457409
2048.327,96666598
2036.51,97592017
2038.677,80955778
2025.502,67539610
2033.931,71214634
2024.365,70485162
2026.674,67167246
2023.735,92914274
2055.519,87245350
2066.698,87800481
2085.983,95939770
2070.715,97174806
2051.713,81711186
2054.948,74444354
2052.532,79623717
2030.502,64788317
2029.956,66021744
2040.878,67949536
2024.834,72412771
2038.305,71584124
2039.212,75148898
2040.595,81242921
2050.228,81338642
2034.565,67577889
2041.476,70281220
2034.569,63488065
2021.285,74728474
2024.951,61811547
2008.119,61345382
2005.183,65329438
2026.504,66353660
2024.974,75845154
2047.91,72011125
2050.728,97223388
2052.871,115742077
2011.135,76224244
2015.274,77865393
2010.083,74360192
2028.038,74609411
2027.353,79933395
2026.358,74528578
2020.341,76221275
2003.487,89795262
2036.519,93042333
2057.033,78185955
2067.382,78531521
2072.831,98719882
2065.826,96378369
2097.748,88155695
2098.885,89896325
2105.122,89361657
2101.601,107531151
2131.539,102077853
2130.542,131768359
2134.3,156789609
2105.237,105340471
2098.284,133370983
2058.831,83189056
2043.702,108618421
2058.988,102658525
2047.46,83286576
2033.306,94356536
2041.712,121681965
2046.588,119149374
2063.67,102611116
2067.311,131822232
2066.279,147700085
2047.619,144477656
1993.479,110333048
2021.734,95180797
2025.196,96777193
2023.673,86250374
2004.339,87775111
2019.111,100978116
1997.692,101361719
2001.157,92705265
1999.065,115696666
2057.908,103709540
2059.578,109290133
2053.084,107733082
2071.473,115925792
2075.235,127460891
2056.302,111637907
2047.354,132163852
2041.254,110112687
2034.219,140132978
2076.686,123555308
2113.693,117662651
2138.782,157052276
2142.554,151261246
2119.066,142869308
2135.415,140244443
2115.848,111517950
2098.401,146532634
2109.955,126333186
2103.671,142211324
2086.067,124331833
2044.497,73598755
2033.083,62615184
2049.914,73865462
2038.513,72529043
2033.3,88815426
2054.392,92947921
2042.18,84210585
2051.749,98892856
2008.313,59844911
1991.253,56271247
2004.949,67305720
2023.701,72755719
2023.348,67436222
2026.842,70366614
2009.564,66544776
2013.298,75616121
2027.622,75941883
2044.34,71647364
2047.317,63402938
2045.709,89587608
2083.136,84497241
2109.387,68485486
2115.978,80474375
2097.529,74085056
2101.251,76756827
2073.099,78541408
2106.354,65139096
2092.905,70251467
2089.707,68146636
2084.794,86775212
2127.792,73123479
2148.285,64173584
2151.079,78578936
2160.861,101387594
2196.075,85101012
2202.796,86108671
2204.166,109473150
2237.492,109043133
2238.2,93273639
2237.108,103700929
2247.063,122048414
2251.762,157292943
2222.67,113506410
2207.371,174281990
2220.504,106959053
2219.372,134456777
2201.07,115384411
2183.073,100460830
2186.115,108282655
2196.378,113866457
2205.766,137245516
2206.613,118961861
2193.125,125082307
2197.219,157502714
2135.827,125894520
2100.506,83799373
2087.941,88257094
2126.772,79446731
2109.471,69678299
2106.127,83096859
2129.4,81842610
2139.607,100487344
2157.24,91900031
2149.634,76147941
2149.562,89118477
2141.614,108063020
2160.463,119643362
2128.864,143092811
2133.869,88401322
2132.955,113924520
2164.322,103008953
2183.107,146347090
2210.652,149132831
2229.237,136694408
2193.78,103724631
2188.542,126767944
2193.074,154638637
2233.412,153722825
2237.773,165983386
2228.146,156892176
2190.929,149775896
2211.769,130871737
2198.199,126710203
2174.665,92810081
2160.027,105401788
2155.809,140415346
2198.515,160212762
2207.531,160415055
2221.044,133174858
2191.851,115111887
2185.56,154542555
2231.401,154884020
2236.217,171984229
2255.605,209715110
2241.268,244349455
2237.984,237206649
2212.516,219427086
2139.993,143260660
2122.43,126544104
2127.618,142000386
2123.112,138893175
2098.448,149158524
2098.382,170075649
2097.227,133268219
2101.301,161392026
2103.567,126341966
2096.474,119932652
2057.458,112426351
2067.124,90928307
2072.961,87445991
2072.595,107381773
2085.602,97446783
2068.452,153063326
2081.88,99396656
2100.137,114437802
2106.156,117708875
2101.283,135128974
2052.235,95316423
2044.895,84133290
2046.778,107712594
2060.5,105580975
2050.481,85517968
2029.418,93592767
2029.067,91256686
1993.799,70160603
1990.064,77219784
1976.306,78683274
2010.85,73800429
2021.174,98545366
2033.329,106655779
2043.876,109517360
2004.762,82922190
1992.648,104577571
2023.396,92132049
2044.922,103251321
2065.72,96737399
2059.39,101470357
2039.486,121174175
2072.991,159970773
2008.126,89797981
1965.454,64538733
1958.273,84136491
2007.199,91345222
2006.098,100394183
1994.268,93466471
2006.56,86415418
1995.242,78051393
1979.206,100737968
1950.013,105813318
1951.495,101192527
1959.508,138158516
1963.235,109198215
2073.095,79673224
2084.021,77787930
2143.454,75425016
2159.291,69632271
2156.215,75757790
2162.041,77857472
2148.355,94371094
2210.898,89978077
2242.11,81538694
2270.931,76483303
2272.416,101895818
2299.252,96882814
2300.595,108162554
2317.749,111913032
2324.017,125250729
2321.318,132632995
2293.077,107325061
2288.533,101441213
2275.667,124019844
2302.403,128360026
2305.114,124173176
2299.986,139150514
2282.87,126126006
2251.806,110284376
2224.797,71722893
2217.01,83244975
2241.92,86211224
2246.831,90335476
2232.971,98531637
2246.3,90371933
2235.575,86452356
2231.166,92268146
2205.497,88583464
2174.123,68337936
2177.912,76673970
2199.307,96704188
2218.318,91600261
2184.538,96541315
2242.169,95233730
2244.643,109660556
2197.602,71616927
2193.796,68314181
2194.846,79992178
2181.942,71632323
2206.78,66846340
2219.553,73632704
2226.126,80619621
2225.775,82896544
2211.592,86257470
2225.295,81795267
2227.74,89714323
2234.395,77411774
2236.621,85565473
2236.302,127658698
2301.259,96331195
2297.669,104449015
2326.715,97031526
2328.278,101167299
2324.242,119200910
2317.374,131241284
2257.434,87582105
2240.016,93122772
2278.401,116477813
2270.277,80294086
2263.968,90972788
2286.605,117664456
2310.593,84111903
2318.611,98794148
2324.293,139756348
2347.179,141333692
2326.306,131136598
2273.404,161750025
2359.506,120312752
2365.593,126950494
2313.22,97824887
2293.341,117638667
2325.819,88367374
2314.164,96981828
2325.951,144059478
2397.178,110280577
2382.914,123473334
2421.558,116174994
2432.402,109070386
2418.53,120008634
2434.477,116579966
2433.13,150754505
2428.154,167551402
2419.02,140818172
2385.422,139707892
2382.475,149878907
2358.977,141853934
2346.505,128383760
2291.304,92605741
2302.598,161031674
2320.911,118179722
2315.139,149466584
2328.221,134680458
2317.07,125438026
2284.909,119101835
2309.499,153511167
2325.682,165645981
2311.74,144749889
2242.997,125068275
2283.658,120066676
2275.34,122014924
2276.07,122907877
2285.364,118162813
2276.992,139469931
2269.128,128031402
2233.252,115924934
2205.897,129023501
2219.132,121858630
2213.611,143327708
2159.053,78469664
2153.31,103372872
2168.353,99384183
2162.239,94391522
2162.464,126099467
2160.342,144242218
2150.625,160873812
2061.476,72272324
2082.726,78559142
2074.704,93370830
2083.77,115383226
2061.786,115157289
2029.237,81459219
2031.907,119973040
1975.143,62378123
1959.767,61653375
1980.117,56893416
1963.488,49540088
1973.523,50505587
1991.165,56627422
2017.464,44779551
2027.384,51551469
2015.611,45577847
2030.319,53282021
2008.923,42580635
2016.982,45327018
2014.725,49581680
2030.29,50556857
2055.419,48093000
2047.889,61087293
2079.274,56694855
2069.067,54223460
2071.509,66594561
2105.73,59380128
2105.999,71343850
2114.027,71538762
2117.046,76557220
2104.428,82886670
2068.88,59527234
2062.347,60569092
2058.943,53635009
2066.209,78606435
2101.58,85393109
2115.99,72886618
2114.447,72683806
2132.758,60117222
2128.302,67641279
2131.688,87191092
2105.618,59874065
2098.808,57818438
2098.703,53940751
2104.932,68262972
2102.868,74497029
2119.942,78912035
2115.23,84563788
2074.419,55131612
2086.169,79448952
2056.323,76691457
2004.172,50400828
2029.293,48219408
2033.192,57637779
2026.69,60289456
2024.837,67482659
2067.831,52243629
2059.543,53794850
2078.5,76392233
2123.847,91248271
2110.379,79044972
2126.554,84114742
2120.554,80426638
2134.893,103580026
2127.762,139932624
2051.918,56091817
2037.681,57649803
2043.649,57462184
2059.147,60635498
2047.522,46143904
2052.585,61963792
2053.235,52209808
2073.154,54422104
2055.708,60314833
2092.104,60178948
2113.072,58472299
2107.711,58441412
2118.268,60756505
2106.957,46717499
2114.891,44390634
2112.197,45173009
2118.945,54609394
2142.525,67571589
2136.078,71352322
2168.814,68368559
2174.102,72529246
2160.99,72869536
2157.62,75049798
2154.916,71843204
2132.796,53371329
2111.182,53467539
2123.36,53804602
2103.634,53456097
2109.914,51992383
2128.765,52076920
2126.004,52884076
2136.151,48575894
2146.589,54411286
2141.402,55677081
2168.638,64346672
2184.841,79338049
2169.099,66552659
2161.186,55184408
2147.955,67487681
2185.895,57546838
2185.491,82133762
2175.383,58614472
2164.437,58993972
2170.814,75111472
2223.579,76557917
2201.353,57967934
2227.315,55273656
2229.193,62703021
2226.11,62196207
2225.431,61441886
2195.843,54182183
2216.934,51049128
2222.067,52940798
2224.114,59768952
2260.877,58992012
2292.877,54103955
2300.795,60135905
2316.052,60594622
2306.85,68687579
2295.946,71633722
2318.924,78454349
2289.791,59941982
2305.856,64197967
2281.447,67924641
2293.13,60232048
2309.555,58532028
2311.916,66078528
2308.55,90179347
2373.436,77021923
2372.234,77890228
2384.668,89809793
2389.636,117157725
2361.367,94962105
2333.553,74019252
2350.973,79206805
2363.437,84216580
2373.307,76779780
2348.3,74840341
2344.52,89689419
2378.886,86870030
2346.192,76733829
2374.843,77922916
2380.725,90526339
2394.983,74863995
2410.23,81698471
2408.587,97902212
2448.884,104855537
2451.947,108830107
2452.014,102204871
2440.08,102248493
2438.436,128006006
2396.316,91228350
2404.697,115529587
2406.813,130972867
2388.834,133722354
2388.588,122907558
2406.863,115522062
2378.634,94272421
2380.848,108612544
2334.985,84688445
2357.026,85322682
2359.161,98774414
2350.864,97687895
2308.925,75130070
2305.863,67345526
2285.777,59760639
2306.553,72136521
2302.241,80101456
2262.788,62024147
2252.16,74248084
2284.881,83645283
2347.179,60881116
2350.599,55427733
2349.539,76862139
2375.772,79348880
2378.195,95686538
2376.839,97903935
2410.184,102153490
2404.736,103675622
2373.774,120025499
2391.23,179786029
2455.795,104649712
2434.859,106223059
2439.462,100624055
2420.276,96782134
2394.794,94790636
2410.445,103709012
2445.002,112693326
2460.693,103228378
2426.115,75083289
2428.487,95536952
2451.857,118361993
2447.057,158073244
2439.628,134903249
2409.554,112553593
2403.587,118684269
2381.43,79348669
2363.597,88911586
2357.181,71924839
2356.86,95051169
2366.702,98861021
2344.771,73130413
2351.855,86263585
2351.981,96501619
2349.589,98032325
2347.53,87114528
2291.902,67326906
2331.136,75734477
2330.405,78943697
2312.556,63471872
2268.08,53553811
2292.61,48738325
2285.038,58413687
2319.118,69922753
2296.075,72498861
2266.384,89940422
2298.376,87803560
2206.193,45859522
2244.58,71474322
2275.01,71569994
2276.046,84441781
2285.744,109585415
2225.89,76759839
2163.395,50583054
2148.452,58743447
2169.39,49245537
2199.417,51943838
2173.561,44749200
2170.013,49633435
2166.205,45712179
2190.11,43613663
2204.784,52421325
2186.297,58986117
2191.148,50877262
2215.93,52761113
2218.235,57818464
2224.84,57265903
2180.895,56712186
2228.525,44079822
2248.59,58627478
2291.545,39632578
2315.27,39988559
2329.82,51473520
2332.73,41570306
2325.905,45917077
2333.229,52214969
2360.664,59868845
2386.86,98650046
2333.414,76611104
2412.393,55123190
2383.034,46064666
2380.224,45362552
2397.554,52154150
2395.065,50547850
2412.625,51443233
2415.13,50170366
2416.562,72180807
2463.046,66414285
2466.959,93382109
2529.761,79227750
2528.714,81229812
2481.084,66137668
2479.536,87111088
2524.919,78208572
2503.836,78672656
2509.799,78867174
2528.294,101873675
2508.09,136576325
2504.108,105468200
2470.019,88892417
2468.25,84172562
2473.41,110032721
2435.614,82408961
2427.48,107447168
2409.672,90888876
2370.333,70874071
2317.275,48436725
2331.366,65425215
2377.512,58534637
2383.485,79525744
2440.402,58267682
2431.375,60673160
2438.79,87860106
2420,91508568
2348.516,63975806
2344.787,41745306
2359.22,48818372
2365.343,59191239
2392.062,55758447
2415.054,55231432
2393.183,57425042
2433.159,67302693
2443.057,74695409
2512.963,86689276
2447.755,46265892
2437.795,48746822
2482.343,47986854
2479.055,56003688
2484.827,54065977
2471.305,49930919
2497.753,51253380
2498.943,55271952
2516.09,59665860
2470.524,49223173
2478.739,55031066
2528.28,54436581
2556.042,57290927
2567.34,59169720
2566.595,75910686
2576.413,73696095
2612.188,77850450
2615.261,104537978
2541.091,65462469
2554.019,60944193
2515.863,61214429
2534.358,70606801
2559.472,70989277
2601.261,70109146
2608.166,85226861
2626.77,88676842
2593.173,97171206
2581.508,95597265
2549.176,100369343
2526.07,103723892
2526.816,110302496
2626.423,78571833
2684.039,58872111
2678.485,63981610
2679.259,69993181
2703.783,59000711
2701.729,75471655
2708.777,78474915
2723.492,80407781
2703.026,72881454
2688.746,111242249
2770.79,70211837
2765.894,81760582
2794.205,84030616
2796.983,92740884
2816.688,108108623
2820.169,107470064
2810.444,104502080
2795.476,91929128
2754.582,96674475
2802.692,86063595
2797.774,86211609
2794.267,116512143
2810.479,103104393
2816.355,110124224
2812.818,121962260
2759.362,92072878
2762.076,90967124
2728.483,88224197
2759.202,88277450
2758.23,101601018
2746.211,125773628
2688.249,73772688
2649.321,58313802
2646.483,64821871
2621.253,60059864
2642.818,64442633
2664.283,70927870
2705.431,74856945
2730.04,83097514
2700.379,63069459
2705.143,73400294
2703.345,83469268
2750.288,74294661
2744.3,65021293
2728.02,67983945
2705.181,86021158
2743.572,68555501
2743.472,67900383
2706.361,65174388
2709.947,82521052
2736.527,78741315
2741.741,74406534
2767.056,74852898
2774.569,98622045
2858.459,70743786
2859.574,76994538
2872.771,76826970
2852.773,94819847
2849.067,84648251
2871.031,93238815
2844.083,100240961
2883.42,92477122
2890.634,81297176
2872.46,81576155
2863.886,91063909
2872.404,91084427
2866.017,111481131
2932.188,96402722
2911.511,87534255
2887.044,105230875
2925.408,105492475
2938.981,95154819
2964.951,117316622
3010.517,118525613
3026.668,121510664
3007.037,119741657
2999.041,141896394
3057.329,137488739
3050.526,128530989
3042.635,129487107
3050.398,128202655
3021.369,145990547
3022.746,147189576
3030.021,114337794
3007.909,124734591
3001.36,141650613
2967.41,99844094
2928.111,108935611
2955.771,126493548
2958.077,168543246
2984.005,156016878
2977.814,136396367
2946.706,108955979
2948.477,112603475
2919.142,95117457
2909.137,96760275
2906.886,100637335
2897.298,137797827
2930.804,130777237
2896.256,154951951
2937.627,116910618
2933.796,115994480
2957.143,123799889
3002.154,124790735
2999.942,126681154
2996.211,160105884
2942.306,118277241
2902.978,150488884
2913.808,133442258
2918.92,136555048
2905.053,118705763
2878.565,100094039
2878.603,109772588
2862.634,111083059
2855.516,153004622
2932.246,118855883
2899.792,113775463
2926.964,130415498
2923.896,127805697
2899.237,152449898
2899.134,154242970
2827.328,107758171
2818.163,97919763
2774.065,87257788
2798.96,73350092
2790.694,91502814
2752.75,85427992
2749.15,105569163
2708.814,60750899
2677.432,69481412
2695.72,87920807
2715.294,95639038
2677.652,86047191
2758.097,78493169
2708.979,60377276
2706.66,92519113
2791.344,76753880
2827.713,74886265
2821.305,79246117
2804.047,80553780
2791.809,90780872
2838.801,113129568
2824.197,84705616
2838.593,104415282
2852.648,110072791
2808.077,83350214
2759.575,73172046
2751.527,63941278
2732.99,84332632
2781.402,97807278
2835.157,81216848
2855.22,89002488
2877.9,98325557
2904.115,106825623
2852.916,113755495
2893.74,73677136
2898.138,87606313
2911.414,109462489
2927.077,120944936
2922.954,128878468
2841.04,80496108
2810.949,94622552
2848.546,86707379
2875.861,86785497
2857.178,89773055
2842.431,83521010
2843.607,104195755
2823.449,81263296
2820.181,139324863
2866.356,102452542
2871.698,110866191
2898.261,131608453
2859.936,116156238
2828.282,116311956
2884.371,127117716
2888.566,123778460
2865.452,102226182
2838.857,123780261
2894.538,171089373
3014.413,153152448
2985.435,233084958
3147.744,210274743
3115.356,185052423
3135,192455746
3159.512,205417960
3129.497,211955803
3086.939,176857096
3030.988,189848032
3045.434,224947283
3054.021,186243180
2978.835,147109754
2992.579,143537933
2997.048,176268280
3041.543,198778908
3051.419,192114243
2975.043,147079881
2983.533,161436141
3003.951,207804424
3001.853,170667828
2955.227,263316938
2971.16,236568558
2879.636,229461709
2861.361,185281671
2841.407,167428327
2806.942,207535265
2738.744,135759543
2655.658,89580361
2610.678,88618663
2611.354,93117430
2627.967,76844658
2591.55,58101406
2588.713,79469519
2598.689,83171357
2602.465,118998200
2652.503,122039815
2688.522,120712410
2688.32,117918914
2663.209,113041151
2656.352,132989434
2695.291,113519409
2698.363,112231539
2696.25,144209066
2655.394,129456526
2655.776,124076238
2622.882,127164940
2638.798,110890245
2652.664,110479525
2610.742,70466094
2603.481,80313857
2596.58,109695828
2650.307,107243639
2639.366,88136539
2642.307,116172184
2687.979,128441613
2666.301,136254348
2671.893,122638294
2661.708,125862823
2606.7,88820450
2575.475,92675203
2607.497,86941461
2595.274,127010021
2672.533,119964750
2658.392,120927286
2620.757,113514382
2638.522,112123737
2627.002,127971094
2672.516,112944633
2637.503,94773788
2648.116,139123605
2633.663,128979538
2575.368,86605236
2588.683,93326486
2572.028,114373149
2562.406,105934217
2535.394,114247832
2528.73,118598374
2475.421,88838962
2424.271,70793303
2424.304,105539239
2470.44,72946145
2450.286,66327019
2490.718,82922349
2470.923,85890148
2415.15,54485954
2421.117,56110700
2409.424,61364295
2363.947,47996452
2382.901,68329570
2373.792,49967686
2398.37,55210569
2427.053,73744904
2535.278,43203938
2552.817,50078852
2566.745,48856571
2569.872,58776822
2588.698,63681459
2586.21,78554425
2513.222,67218453
2560.245,54957039
2569.942,66519280
2562.58,74583964
2583.87,96030984
2513.947,63032468
2511.729,65697988
2553.593,56518495
2552.656,69502328
2571.423,64866634
2568.283,74666113
2592.147,78743882
2655.767,86947998
2655.918,87883569
2625.793,68710464
2622.63,93269050
2673.423,112497272
2583.522,83856090
2555.94,66390044
2587.807,71372186
2594.783,82792386
2559.931,82648326
2696.629,73368024
2710.507,83077733
2655.714,82544160
2647.574,87897107
2698.757,81854050
2688.383,92026260
2739.702,92649316
2857.151,95340578
2835.277,66079844
2870.611,88734444
2868.432,89344434
2900.331,83749411
2907.928,108271273
2969.503,89146675
2983.537,103518713
2999.484,121726664
3033.278,116308514
2979.533,101732249
2980.297,129360505
3130.302,80934918
3164.966,106263908
3166.183,106435847
3161.251,143982040
3129.263,137962701
3145.347,105425960
3118.709,114643389
3148.222,103521570
3158.681,116814703
3157.957,122789383
3147.416,126779213
3109.105,101143351
3128.468,102431515
3123.798,131895114
3059.715,93077716
3019.176,90190542
3056.808,89266365
3053.125,92867190
3074.576,96499411
3067.75,88481189
3046.089,91379124
3050.479,87085699
2992.841,59627991
2976.939,63749768
3013.412,71418912
3051.282,79872195
3048.927,84612953
3069.141,92381803
3053.232,81011950
3031.065,92259665
3023.373,126383889
3097.005,117156519
3073.108,105327647
3087.842,111038878
3051.943,101296291
3060.618,119670781
3022.177,92918962
2982.575,80392858
3003.398,68505143
3018.133,56092124
2985.499,56646305
2982.5,55588005
2948.842,62282207
2935.174,63299582
2939.402,97274989
2995.308,99918364
3003.835,101022537
2934.713,82485789
2941.36,88147114
2989.292,80475875
2994.143,73365767
2986.607,76552214
3019.394,93507092
3094.411,78361862
3128.588,137758538
3158.863,114337079
3151.85,158243112
3246.874,129943532
3237.098,135067238
3224.152,120541135
3215.55,135954504
3172.658,158344278
3273.966,140655241
3212.75,136327216
3195.997,98377147
3192.776,128652827
3254.215,123651384
3282.179,126115066
3243.76,109447927
3277.139,116520402
3262.6,129456039
3211.761,102612637
3188.785,91211608
3141.353,84545783
3153.41,102406204
3073.777,80058134
3050.52,85080787
3122.973,74568126
3113.886,101866376
3179.078,105646586
3255.213,103873513
3274.46,101484567
3302.904,118243321
3247.318,91542945
3254.264,94306516
3239.568,115095030
3296.664,137065573
3331.897,139876001
3317.044,215945072
3264.628,159219988
3269.752,175051363
3235.363,165279767
3195.301,138860263
3096.265,148802727
3170.98,217978838
3290.165,189026737
3223.526,250211554
3338.663,169531590
3308.346,176074025
3320.612,174619648
3303.234,158663952
3282.889,166037305
3275.048,200378981
3187.647,151147494
3172.945,138033047
3175.192,126821701
3178.61,142448019
3175.585,139189835
3164.037,163490814
3155.053,145465766
3128.537,145370268
3114.227,150552258
3076.649,137286110
2995.848,104792187
2960.466,110282234
3031.329,100973138
3021.459,120886757
3109.566,114826118
3107.847,138600902
3051.412,103031488
3070.589,135482770
3084.454,143651187
3038.273,120615598
2976.633,92222799
2979.788,98617587
2970.532,129630148
2936.191,79997904
2894.483,88186631
2911.715,85546555
2779.426,64833254
2754.54,73565539
2763.525,71874586
2838.842,75167601
2853.554,102541326
2842.721,107626362
2897.553,124074699
2967.011,136231980
2962.667,168076584
3060.26,160740391
2999.71,147415778
3033.728,144467755
3026.741,143711225
2989.792,123246666
2924.883,105894857
2946.259,130754494
2930.475,127929384
2881.116,131182812
2861.609,128889936
2845.024,129890251
2714.974,83934714
2683.724,98042585
2667.745,118246250
2860.688,123048500
2946.395,136745904
2967.595,130425354
2915.803,145236180
2993.429,122875721
2960.771,126790301
2911.582,110039086
2785.584,114469464
2910.884,106251526
2870.63,125058959
3046.972,125815592
3140.56,116934226
3112.719,134447463
3264.726,103752297
3249.76,126683738
3260.69,153160007
3356.33,174827374
3428.501,202502543
3471.442,211490154
3462.59,200813706
3412.062,193714375
3321.56,198010213
3266.432,275801197
3438.371,204245819
3435.212,197623634
3372.603,189738676
3328.49,166397752
3296.615,168213043
3213.206,197565897
3266.92,198870795
3189.741,164690672
3183.742,191230184
3188.551,195911479
3145.157,161688479
3080.556,156610057
3113.932,161162269
3123.035,167287882
3080.774,155489181
3089.45,178775741
3124.667,183237316
3088.367,159467946
3060.254,161960284
3008.15,138250133
2959.362,125813958
2975.314,128543774
2928.211,109560720
2925.046,119613020
2922.299,140574260
2892.697,144465267
2896.302,146972200
2880.492,153023362
2853.903,138842694
2810.123,110783742
2776.022,103383327
2789.549,106225013
2743.762,127694651
2797.32,134114877
2816.247,145267188
2787.887,132601567
2768.336,133231447
2753.891,146648113
2767.244,170878921
2778.589,155681658
2724.302,156356058
2721.28,147959551
2632.93,103167720
2588.575,114514670
2610.01,112000785
2597.601,99147298
2610.622,138926981
2651.414,138245861
2676.682,147466097
2652.779,119048894
2645.263,110890182
2639.887,124762442
2663.766,145836006
2618.172,123005960
2579.747,178248359
2625.645,161920976
2597.447,181811460
2592.52,160708583
2567.337,158422283
2559.911,153369990
2477.569,131154168
2468.192,126530722
2401.438,94815296
2405.348,113008183
2448.595,113796845
2463.954,126119756
2461.346,193984096
2535.828,164621542
2557.456,147904251
2503.935,161593595
2534.134,186163119
2536.056,181085688
2527.181,165180093
2513.701,191344932
2444.226,157491196
2379.876,113234976
2347.385,146809157
2439.182,124209223
2419.778,170251684
2425.291,188385983
2408.017,179857619
2373.213,142695498
2358.04,139880606
2374.438,186528389
2361.704,158556822
2291.555,144842469
2338.42,162727081
2325.48,160060235
2281.087,150523664
2265.759,145822319
2223.725,146994599
2218.326,130805423
2153.291,73382635
2128.848,83504887
2133.881,87213151
2139.025,103723453
2158.568,83940262
2118.748,124300647
2193.007,123863233
2221.076,182441105
2198.107,154811275
2071.431,97781728
2093.447,87462587
2082.852,122905210
2121.251,148638852
2206.574,152376898
2200.654,183853106
2305.777,160289118
2261.478,128938105
2227.125,129844050
2209.862,162461879
2319.441,198117836
2389.387,211427610
2320.792,199715512
2248.091,173976848
2260.82,209328074
2265.161,172587361
2224.714,192312686
2181.239,160860189
2098.018,165352197
2107.749,151785867
2060.808,134407694
2011.683,84766272
1990.657,85967706
2004.951,88284495
1985.016,87289198
1994.107,74565389
1986.672,109401361
1954.438,132972538
1920.206,115984409
1928.869,87918051
1863.367,73836460
1900.347,83645557
1904.861,71224779
1878.181,80374000
1924.012,92360086
1937.145,99066756
1880.716,67136715
1820.805,50396099
1832.91,56466221
1850.48,55021399
1851.518,53256201
1852.419,64566147
1863.8,74495756
1897.225,98985955
1987.755,86820548
2018.463,102183392
2015.694,92160304
1976.819,97247278
1975.006,78328544
1964.374,81536951
1954.215,108147808
2031.681,121696744
2079.117,128251050
2037.74,145334179
2090.773,164973061
2018.656,118490336
2001.504,175952280
1965.414,134916124
1889.638,104288934
1894.615,81890353
1871.156,77722281
1917.861,122337126
1897.884,65140003
1888.715,69541174
1897.06,84519444
1969.389,127123084
1983.76,130840578
2017.474,128809645
1902.43,156698879
2030.485,136840656
1986.438,130439493
1927.613,121067441
1859.11,65873321
1843.607,90879185
1874.801,91273263
1747.713,46807658
1717.722,45680712
1760.609,60317911
1706.703,39253457
1719.774,35858333
1728.786,40219619
1763.607,53560920
1719.812,52188518
1771.821,59847441
1723.351,50534797
1839.621,46244580
1875.561,47830065
1895.822,48310367
1958.529,54096739
1974.006,44569785
1930.651,38647298
1909.941,50672447
1994.667,40817957
2017.321,68042483
2073.568,56633806
2000.572,54077527
2074.583,45071001
2092.224,50759473
2157.839,56902611
2173.738,60938137
2293.784,78259307
2297.501,101230404
2216.811,64547818
2201.51,100165152
2236.41,139930636
2075.091,58433536
1895.837,66333202
1929.047,45853472
1986.636,46223445
2079.673,30312475
2078.981,36441803
2150.759,39012042
2145.779,30722691
2143.421,37669497
2202.446,38608171
2277.411,34163089
2276.672,42250006
2304.891,34190291
2325.135,36265240
2397.369,46405768
2350.143,34752734
2342.147,40952604
2350.084,40979466
2413.374,33757217
2405.226,46284593
2431.716,61331990
2523.282,73736663
2344.469,38593821
2319.868,53656796
2450.61,31296068
2437.082,31305226
2446.297,41005231
2457.198,36632632
2470.074,47161450
2605.719,48507437
2727.577,39492121
2719.368,40605525
2690.746,42378552
2741.74,37170318
2801.817,49215419
2775.717,44530269
2836.668,48946884
2850.311,58632278
2903.012,62318792
2865.101,62531059
2910.292,72505445
2837.849,61497975
2846.117,61519107
2861.418,66487700
2778.367,57873500
2684.778,50842333
2705.867,60043922
2779.448,70915234
2878.256,54465923
2856.634,64820553
2875.45,90904841
2920.546,97026119
2814.947,80204680
2792.397,77405848
2669.892,57291928
2703.529,68146717
2651.725,40181793
2651.605,40681423
2736.103,38518854
2748.432,60529919
2901.85,65519228
2905.014,64819105
2803.019,48387231
2760.417,40670032
2831.736,74156830
2748.874,56795827
2941.115,66349803
2794.751,43298147
2874.103,40385924
2868.8,41069430
2957.532,49535824
3024.24,46939345
3072.333,50909546
3329.67,34763217
3351.645,41834663
3369.913,48038156
3436.398,56642494
3459.044,49186078
3433.354,48495407
3401.437,51439933
3459.026,52476760
3375.407,42499311
3364.544,52776596
3473.091,59950559
3485.63,68504703
3544.186,73641076
3443.162,66377053
3604.761,48450165
3624.233,64812853
3637.324,83955322
3657.432,88592078
3560.243,90747177
3626.982,79891220
3613.494,87898425
3656.839,75173242
3579.147,90497143
3733.503,98932250
3761.009,99696916
3693.106,107617708
3523.405,67175250
3474.722,75744975
3557.749,129621021
3583.028,142066287
3278.33,66235125
3147.793,48787413
3116.977,59955293
3094.668,43665343
3222.741,45843305
3291.599,40091184
3348.353,44668457
3296.672,50311706
3492.893,43284244
3471.743,45455150
3413.907,59852049
3612.539,65484823
3599.618,60994537
3446.244,50889224
3347.882,65487286
3329.162,54831376
3472.713,47113469
3580.146,63291684
3411.493,55069866
3606.857,46251818
3629.619,52765336
3626.188,58959678
3796.576,65093464
3804.054,73262694
3761.605,61586643
3668.897,57861001
3820.048,49100273
3962.673,41407257
3971.257,63653400
4070.116,57224458
4165.878,51333439
4146.299,65682205
4300.515,56747402
4360.986,84932145
4292.654,74109680
4335.446,86956515
4438.265,78513840
4348.543,47835383
4299.513,47922253
4334.047,50524991
4238.179,55686631
4192.533,58811935
4370.285,67601983
4527.177,61309148
4567.026,66474653
4664.295,60663188
4568.151,55824610
4497.127,41386516
4552.316,34913005
4490.721,36914151
4599.696,52619684
4672.17,63374578
4320.767,59307142
4383.393,45141558
4417.849,55080037
4457.944,50356220
4419.294,69350257
4761.688,77928370
4717.734,90038158
4703.047,87963973
4559.751,92491351
4914.435,75643958
5180.514,68635625
5151.626,98941952
5290.606,89278341
5443.791,80719506
5497.901,78714090
5484.677,87724750
5456.541,96553285
5435.807,76805862
5386.531,102477863
5393.343,91933001
5361.574,80875238
5319.861,98510323
5272.814,76566609
5261.563,77187038
5308.889,87324184
5233.351,74458628
5201.181,71023624
5234.262,85080422
5101.779,66142705
5043.535,57742689
4941.784,56275775
4836.174,40558047
4876.761,63546722
5007.911,53052727
4958.043,67283324
5095.543,72156227
5175.076,66848427
5161.919,68817889
5091.756,49961574
5035.073,43159311
5042.654,54299786
4915.889,42835766
4868.611,53750775
4871.778,43314662
5003.333,50071545
4803.394,32756757
4861.111,30833864
4958.849,36755797
5032.13,30872962
4984.161,40370330
5214.225,41231609
5293.703,49057398
5269.817,41097731
5316.274,37387331
5365.267,47819419
5412.694,50992880
5158.118,49237316
5187.735,52582703
5315.54,47341262
5330.023,48924662
5601.783,42730328
5536.569,45068039
5634.452,64132597
5777.809,59541596
5914.285,64885103
5954.765,71029564
5897.193,54278820
5747.997,50164402
5589.631,51519175
5562.394,71714448
5843.109,60292831
5773.387,58453968
5667.332,54433674
5818.047,55224892
5825.282,69805425
6036.281,71312588
6092.057,88152159
6030.086,98707442
5903.264,119148432
5913.23,94709657
5771.464,92445344
5715.892,83289030
5692.755,95983083
5552.301,80631285
5409.403,58884300
5338.52,63608585
5425.88,96509579
5485.013,81798471
5454.674,92838809
5470.065,86547205
5395.265,89725500
5425.208,102690994
5421.392,105638609
5312.182,94673912
5273.592,86550216
5172.627,97058855
5113.968,110055262
5355.287,102368235
5277.176,119841029
5393.66,106987966
5310.716,96240624
5294.045,120426368
5321.055,125779649
5218.825,103556261
5167.884,101210584
5109.427,100824139
5194.689,105436739
5150.118,116154244
5107.668,108995636
5032.494,99309428
4980.075,108110938
4955.207,104204109
4904.855,99152937
4656.574,91159048
4765.448,90538411
4869.883,90509675
4872.785,88568208
4820.064,114184714
4749.369,101867058
4754.095,97660198
4663.162,118909163
4651.225,116181085
4628.108,111707979
4560.774,115116672
4407.73,98278578
4300.563,126292874
4471.032,108561410
4440.769,112589768
4345.357,100245813
4346.458,99210669
4323.966,93950043
4210.329,110989252
4213.361,121668964
4058.853,83110646
3912.941,48737595
3930.06,62871834
3896.191,48712223
3821.916,47615280
3914.395,46024471
3915.991,55158363
3865.723,51353880
3853.021,76563334
3883.216,83480539
3781.348,80737241
3615.872,63405936
3816.165,56474777
3899.724,69749217
3836.294,74254060
3820.703,86099985
3914.204,97831610
4078.599,95113481
3973.371,93817469
3941.081,101606655
4091.445,119692037
4230.823,112919856
4181.323,135212775
4269.524,124581814
4253.348,128977748
4132.869,108665532
4115.209,138385604
4176.48,166948499
4072.138,149472398
3995.68,133842739
3913.135,135877192
3890.803,142366475
3776.317,145873852
3767.101,157137959
3670.401,114859357
4000.742,160934985
4109.654,173115312
4053.088,185596729
4334.924,172097642
4272.111,178615174
4179.776,154192860
4151.133,180984388
4173.709,161399478
4110.379,173562090
4072.225,156171062
4030.258,130756274
4048.293,139277988
3986.043,131719774
3899.178,156677553
4046.392,139326221
4021.678,140638210
4049.701,171113940
4013.085,208397449
3950.011,160568200
3841.272,146525713
3759.867,132175456
3783.063,117256968
3743.959,151763061
3720.532,174389341
3710.886,163498116
3584.204,138889292
3449.016,172725541
3612.396,150485424
3611.87,160660646
3596.441,131039101
3518.267,150695876
3531.029,135389879
3495.224,147572114
3444.291,147807284
3398.95,137314104
3323.585,119644881
3319.14,114528051
3291.542,112616107
3291.299,108601391
3252.595,97350446
3183.983,89424006
3197.537,149539661
3173.018,167267939
3138.826,124578931
3122.811,122660537
3074.286,118686417
3071.225,126065545
3057.38,99190127
3032.195,92761890
3014.442,109971752
2930.481,122681308
2951.698,101745754
2906.334,113730739
2964.794,107189316
2954.914,101542444
2937.91,107139105
2928.015,88955123
2896.594,87913930
2840.175,77040486
2785.306,106910584
2831.526,93943965
2797.19,127364860
2881.073,121479168
2771.791,161375663
3040.599,112056992
2998.474,117921722
2993.008,108831177
2905.093,94044555
2831.872,79001671
2807.174,79009403
2730.386,80874438
2737.732,88434295
2716.175,94883764
2675.697,86629950
2612.537,69224512
2673.212,85446236
2785.432,93443531
2786.335,114265970
2930.562,111931721
2945.263,112067906
2882.558,109599131
2857.365,117197215
2975.129,122056790
2949.144,142791803
2933.19,138576090
2832.207,122061894
2756.983,112313956
2778.9,127377480
2821.017,111178574
2794.701,91761561
2668.11,107303768
2770.11,121598717
2825.576,111769365
2807.804,110751267
2707.199,106813244
2641.334,106155625
2715.719,120156021
2675.474,86769012
2567.594,78718941
2536.387,72118218
2479.732,72261492
2435.762,73939450
2343.668,70484620
2342.938,83182551
2373.205,78298935
2364.177,87054928
2332.434,78252193
2273.908,60611949
2249.11,58439320
2223.455,57492749
2218.951,70191776
2180.496,62676017
2093.638,80889719
2156.75,99278766
2156.604,104347807
2173.285,88157171
2161.648,87232790
2102.049,76178964
2099.289,72779731
2054.091,56002280
2038.721,55070638
2047.277,57840031
2050.812,61232080
2062.363,60721945
2041.355,64881669
2037.552,53894076
2017.279,59146901
1971.793,49418740
1941.547,63983566
1922.935,46682441
1888.239,43188028
1863.765,50016729
1883.347,62809427
1896.482,44096182
1866.817,37770454
1889.53,54849074
1886.307,49544517
1866.362,49860720
1851.314,51741725
1855.713,47783526
1837.993,46557135
1809.656,45335944
1807.175,73748923
1810.646,48737082
1806.646,44512259
1805.181,39911206
1759.394,44441085
1790.364,41461599
1792.253,41490607
1787.185,36810563
1763.901,39262344
1771.299,46766160
1784.656,42539842
1778.181,53169046
1790.104,49283882
1784.862,55136493
1785.385,52935143
1752.424,41236285
1736.963,33979858
1725.039,29247158
1712.637,33134530
1722.366,40168093
1725.361,44777828
1740.901,39533146
1732.453,38836571
1735.241,43455330
1732.987,44840062
1721.045,47032307
1689.692,33888258
1689.389,43045691
1695.862,37390453
1674.966,30590529
1667.984,26552028
1661.19,31522754
1672.121,33579623
1664.078,40533493
1657.52,33093426
1636.691,35954575
1658.638,35135016
1655.195,31442858
1651.024,48050411
1650.438,39341243
1623.034,27821614
1623.017,25061297
1612.396,27212907
1613.355,26701211
1601.15,23374318
1598.018,23974248
1603.332,23391904
1616.41,28563998
1595.657,20259214
1570.738,25655050
1605.926,23451467
1606.065,26323136
1578.566,21636036
1580.577,23382998
1547.436,24099206
1570.15,25867054
1601.058,20822293
1600.872,27865763
1600.614,32310660
1612.733,33654486
1662.031,33268968
1675.168,36201831
1686.654,31167231
1685.461,34237801
1665.944,31184008
1665.328,29960489
1655.122,28661197
1645.16,35059830
1684.252,31405354
1682.887,32203933
1665.208,41587804
1655.773,67471589
1740,48785891
1745.806,40085450
1734.329,39049526
1730.19,49430127
1741.47,50062669
1718.555,60720806
1681.547,54316492
1697.282,48636592
1672.211,49837076
1671.618,51799028
1639.286,33220601
1639.551,36451784
1633.449,39499250
1605.711,35026778
1596.066,32465888
1598.116,39705880
1592.332,35537111
1586.286,35562047
1574.467,33572612
1533.98,28473398
1531.327,32438103
1548.495,32450683
1552.798,31496274
1551.384,47003917
1591.49,54576873
1589.545,65085316
1679.126,58422960
1684.624,67297771
1669.399,78144691
1684.195,67843864
1641.3,57015979
1657.288,53087733
1648.538,51715168
1613.894,43722532
1591.425,41049372
1590.924,57270432
1604.552,69900145
1657.689,77258873
1659.545,77086291
1617.281,60585107
1625.146,70980534
1613.251,88275040
1664.088,87725270
1602.832,68393752
1537.377,73218335
1545.687,62717096
1531.161,64683904
1497.104,51620655
1440.223,44562043
1416.732,37608444
1417.477,48410649
1399.767,43248836
1409.786,52015803
1416.793,45569103
1385.9,43303288
1396.702,40578163
1385.114,36785181
1378.614,42219761
1359.538,37871219
1332.33,41299055
1360.132,37129072
1362.229,43870408
1359.081,41415428
1342.965,40666055
1339.737,41715075
1340.162,37763198
1329.798,37134050
1319.471,32804669
1298.295,26636858
1294.718,26038827
1305.567,34152236
1298.791,25011826
1295.915,20613246
1294.704,24423936
1302.457,25465408
1296.706,22330090
1290.395,24345687
1288.418,20297174
1269.462,18754804
1274.19,18322699
1274.812,18451269
1259.044,14875712
1259.674,13775153
1245.653,14095626
1245.166,15385934
1250.384,19841574
1259.916,22653395
1288.955,20329582
1293.297,24925458
1285.666,28445729
1306.586,23640674
1299.03,23647422
1297.186,26819785
1296.866,23578148
1288.847,22875047
1284.226,28517841
1288.419,26659021
1267.542,21542797
1267.408,25903067
1270.633,32352607
1299.166,30147904
1286.327,22541704
1279.64,26131772
1282.656,26314211
1269.454,29079091
1290.055,32857299
1282.096,38404741
1287.626,29177507
1258.046,26558660
1252.062,29671421
1255.774,29028660
1255.308,33203923
1251.576,33617749
1233.35,26667854
1208.438,19726462
1202.869,25274318
1221.459,27708578
1226.704,27018916
1211.053,30631464
1220.618,26794547
1215.668,28706657
1209.422,34342856
1197.269,29484479
1180.963,23258542
1161.057,20027934
1169.862,21803399
1157.034,14680286
1154.288,15673883
1156.823,18653133
1144.871,14472553
1135.238,11121539
1130.759,12292322
1136.342,11712710
1131.751,12228678
1127.508,12610777
1123.555,16824259
1125.387,15022124
1117.846,11376092
1116.367,11944637
1113.477,13487010
1098.323,10398709
1099.615,10389383
1087.794,11052745
1079.197,11224965
1094.287,10636974
1098.747,8932119
1099.261,10875975
1096.986,11879938
1110.823,12852408
1114.916,15509150
1113.374,17140958
1105.746,12601919
1098.655,14646805
1119.936,15543906
1116.999,22480629
1095.31,11961802
1095.89,12608646
1087.508,12215753
1088.653,9202688
1090.195,12560032
1088.301,16155985
1108.153,16725453
1110.147,15311164
1100.65,12082279
1100.045,12783138
1095.273,16862694
1104.792,18764779
1089.95,13985501
1092.817,14835142
1080.867,17973929
1097.782,17203742
1097.161,19211835
1121.918,16929914
1141.171,17275913
1141.318,18011154
1135.949,17371817
1134.608,18908399
1141.201,18928090
1131.375,15135238
1139.547,15145999
1152.607,16905239
1161.853,18467231
1157.192,13426560
1138.95,11720065
1155.614,14493481
1155.485,18536992
1131.774,14751543
1133.237,18093629
1155.042,14538133
1151.98,18774394
1159.96,28602274
1187.988,31799464
1212.617,32300692
1220.627,24656893
1212.947,22397225
1217.281,27217492
1217.261,32243761
1207.164,25913705
1188.212,17096689
1189.625,22155746
1194.411,30528056
1194.309,28602851
1173.322,33685273
1196.224,26700066
1188.848,28920490
1184.933,33830475
1162.798,21676099
1146.385,18551862
1154.428,24333195
1171.86,24296356
1172.475,24232098
1167.137,22674109
1149.957,21840708
1158.597,24033198
1150.184,31501185
1148.035,49201496
1192.834,32307341
1177.278,33155379
1187.006,30319519
1167.915,40478755
1183.579,36967037
1165.033,31427115
1152.534,27154091
1138.882,30237526
1128.743,27096069
1102.589,19436798
1107.699,31436454
1104.038,19015019
1088.948,14731551
1083.033,17683944
1086.548,24695847
1089.909,23812348
1072.807,25577510
1045.4,14134108
1046.321,25488349
1020.632,11140360
1021.052,10568559
1014.355,9882316
1012.097,10964842
1026.115,12750514
1040.416,12571093
1037.394,12821974
1046.161,18457805
1011.499,11330361
1017.983,10337367
1038.597,8570426
1033.545,9196428
1039.043,10494885
1047.278,12275958
1055.594,13597814
1080.938,13785959
1104.992,13469379
1108.588,13458431
1124.64,21842381
1101.882,11121075
1093.702,11484886
1102.033,12351453
1101.486,15478090
1115.62,21468619
1085.61,16752562
1086.01,14483083
1072.836,15267633
1093.464,18368255
1106.291,19203779
1108.286,28410801
1131.052,40690928
1115.582,40282852
1030.941,15703053
1034.378,11043599
1013.637,10016268
1016.063,11465556
1039.187,10062490
1060.738,9239224
1060.162,8599816
1051.946,10146251
1058.867,9498556
1072.137,9807597
1073.847,11029454
1070.844,9533945
1099.269,9584041
1103.475,10658166
1102.965,10378408
1099.64,11568727
1095.468,10227759
1107.627,13474947
1103.993,12355883
1124.271,10995569
1135.561,13164154
1130.835,10869350
1159.146,14105696
1169.118,17419743
1148.757,13612865
1165.335,13974141
1157.971,13547648
1169.187,13578363
1172.556,13266844
1184.193,11182984
1199.902,10950126
1197.735,11671176
1216.962,14262298
1234.332,15616198
1248.203,19547071
1219.511,13075881
1240.972,19300757
1248.521,17768998
1225.487,24276814
1214.868,16727966
1191.745,11582684
1202.967,13794401
1223.566,19660332
1181.236,10437790
1172.574,11383481
1195.018,9233160
1200.113,9023233
1205.634,9527589
1208.192,11477190
1201.649,13440605
1206.922,14653309
1231.046,9963687
1227.403,12452432
1243.475,12895543
1255.589,13663373
1269.144,15642719
1293.5,18692502
1289.941,14996714
1286.233,17897669
1316.791,20567187
1318.271,17984398
1293.739,10762246
1287.714,11049958
1294.339,12823609
1287.45,18628635
1303.412,13980952
1306.003,17651432
1312.445,24069610
1309.949,20115815
1309.475,24189127
1309.277,22602815
1284.48,12536922
1258.969,10688050
1276.134,11218612
1278.88,14445455
1269.004,17028293
1242.307,20415225
1252.5,19054062
1188.931,9340222
1191.823,9078062
1213.673,8170557
1225.891,9412829
1241.958,9640691
1254.234,11813924
1255.777,18020207
1234.476,16970080
1204.394,10310284
1218.108,9377195
1225.454,10190288
1216.652,10028565
1245.62,9898327
1256.314,8746707
1256.923,6769585
1257.462,7725570
1252.401,7234683
1244.746,8940871
1239.43,7922254
1251.937,8678651
1242.774,8161770
1266.496,8303949
1273.709,8812857
1274.313,8713987
1278.943,7758212
1280.272,7231149
1285.036,7180521
1282.719,8476088
1307.57,13339675
1275.17,6999529
1275.459,8053107
1290.49,7662099
1305.018,9058802
1313.045,11405089
1307.553,8045982
1309.695,8549453
1317.717,11072386
1338.81,15257911
1326.438,8593358
1323.752,10236805
1339.644,10664785
1337.197,13505016
1333.09,12804483
1334.944,9553429
1340.771,9277245
1337.434,10083151
1356.727,10434933
1358.333,13425338
1359.125,16355434
1371.244,16328520
1383.02,16667439
1379.96,14107904
1367.828,11589095
1356.138,12234261
1370.389,14165607
1370.046,14230535
1352.217,15744105
1347.07,27429895
1354.386,23319738
1307.429,7111640
1304.229,7376656
1305.128,9996360
1304.776,13974384
1326.749,13282835
1301.528,10960955
1305.291,11961915
1320.536,17905715
1341.737,19593829
1342.799,20768242
1324.783,17069712
1311.151,17566033
1329.355,17925061
1310.545,16436469
1330.584,11864561
1337.618,13040369
1335.394,10119136
1330.518,13543168
1332.938,17247771
1386.721,14284111
1384.439,17089837
1413.154,23214829
1422.929,13813984
1396.7,13680023
1420.009,14036572
1435.589,15027514
1427.398,21099196
1435.563,43475624
1464.779,23744934
1420.148,32238924
1448.562,38403424
1463.221,44940848
1414.702,33018704
1371.201,24053604
1355.226,30964442
1300.357,13197996
1260.316,7293314
1287.081,6512138
1284.307,8667538
1309.333,8600496
1324.294,6308507
1321.465,6085463
1327.116,8206269
1327.927,9207820
1321.462,6758693
1342.062,12592352
1319.407,6289423
1320.614,7126479
1334.422,6084274
1339.784,6879255
1344.626,10166386
1325.413,6770421
1341.738,8835866
1340.45,8623672
1358.216,7980519
1360.2,7568852
1354.511,8121606
1368.45,8592050
1368.196,8755345
1384.964,7948078
1400.769,7162672
1395.848,8224818
1390.461,9235484
1389.039,11043246
1404.505,17709082
1366.258,7792464
1373.217,7271499
1386.202,9311763
1407.331,11508945
1388.81,10422292
1384.128,9508097
1387.67,8444411
1407.396,10997608
1407.438,13235340
1448.037,9644045
1447.941,12447571
1457.537,13493061
1456.13,22935944
1421.544,12771154
1403.755,10506909
1399.461,7358626
1397.148,8930134
1430.654,7418729
1439.783,7158494
1438.398,8110749
1450.501,12579503
1444.59,8398896
1441.19,11068765
1441.068,14580099
1399.162,8709699
1408.689,10654000
1385.181,8313757
1401.113,9854145
1427.754,9506898
1440.729,8713056
1450.683,11141370
1433.467,8221234
1427.301,10520460
1445.501,9847524
1475.416,11787133
1463.777,10726086
1438.736,11295660
1472.072,11086339
1468.344,11337074
1468.071,12367770
1493.814,10754945
1517.145,9975911
1542.086,11746335
1543.527,11785274
1567.067,14522630
1579.658,14386479
1555.906,8092426
1548.722,9525949
1557.178,13529194
1524.436,8092712
1518.045,10111280
1550.348,9315736
1558.33,10149540
1549.061,10559511
1558.287,13211805
1555.442,12609870
1539.959,8873142
1562.688,10072769
1597.57,9567336
1603.768,11874966
1568.059,8208075
1560.9351,7260825
1595.587,12990051
1579.447,14230964
1606.801,13260498
1611.86,13376477
1635.499,10944212
1635.501,13463930
1657.785,13383034
1651.577,15865939
1669.422,13670257
1675.885,14759026
1693.861,19029894
1679.076,16507156
1697.156,21530458
1715.136,20636894
1722.986,20293370
1727.348,26828828
1770.279,24467966
1774.552,24717080
1777.516,25421632
1766.483,26351058
1768.645,23211072
1758.147,19312172
1741.623,17695362
1724.277,15167516
1719.674,17799934
1734.047,17971982
1736.477,18123060
1740.054,20233070
1741.695,20729146
1755.685,20490810
1747.872,20193520
1717.26,23578002
1745.098,21244536
1745.543,25148776
1736.22,29065090
1694.743,18390718
1691.643,20650830
1678.073,18952304
1637.099,18792044
1637.144,22766482
1662.096,18133416
1668.874,19255238
1661.812,20541766
1687.278,21959202
1689.76,21458634
1675.067,21316242
1654.898,25085848
1647.381,26285834
1682.297,29305682
1681.654,30566856
1721.752,26552606
1717.015,28931694
1717.096,31098174
1703.774,31976010
1696.827,25466728
1658.539,24025736
1663.832,29156698
1677.759,29288748
1691.009,30284730
1703.529,28825142
1679.193,36763884
1693.428,36343792
1685.159,36039924
1649.282,28195284
1623.88,40309888
1590.729,26500536
1628.837,19910392
1600.425,21985944
1586.493,20285774
1592.423,22763200
1612.683,28434554
1618.518,26156496
1581.466,35958288
1610.126,32013228
1587.204,34482972
1574.523,36703572
1568.353,32784966
1517.193,18978088
1497.044,21645524
1509.985,17800480
1496.427,19363864
1514.775,19920922
1512.597,24967400
1513.825,24159982
1500.64,28372572
1492.963,29921380
1446.285,26339928
1457.301,15819151
1453.995,18767610
1466.337,18618896
1470.357,12980440
1470.792,16078232
1470.023,20822422
1469.422,22148788
1443.366,12432960
1436.663,15664419
1451.118,17066736
1452.809,19941112
1445.026,23547704
1435.314,21475944
1432.703,20067920
1397.225,13000534
1389.103,17304762
1411.909,17701890
1408.415,27759954
1404.008,19893086
1361.559,21161552
1376.506,21739638
1338.87,10836911
1316.562,15365955
1328.103,6333991
1331.051,8135283
1319.608,9356415
1317.792,10296484
1343.616,9804738
1340.097,9062253
1335.205,15809009
1356.79,18254720
1385.11,16205427
1389.545,27955262
1364.055,13639622
1348.303,10788335
1344.633,9590991
1361.487,14258918
1369.325,11003647
1369.463,8603581
1381.83,9427492
1386.653,10879055
1398.01,16180474
1364.301,7456708
1359.498,5823284
1370.582,5759780
1365.505,6427421
1383.098,7471055
1388.172,7043525
1399.658,9254776
1404.008,13671898
1369.174,6069543
1371.685,4742732
1367.161,6695770
1355.335,5690487
1370.843,5058716
1376.291,5387565
1394.229,6534770
1390.174,6580509
1381.443,5402086
1391.37,6068520
1390.485,6449628
1389.822,6969215
1406.104,7549020
1397.54,7837559
1409.162,10898797
1423.96,4983347
1423.177,5805676
1420.074,6869803
1425.727,6572019
1431.533,8797560
1447.425,7756322
1447.85,7934245
1446.512,9618677
1449.816,9787720
1421.983,6255922
1415.693,5252151
1425.362,5185861
1425.212,5719069
1422.176,6247526
1438.883,5655785
1441.09,6357186
1441.664,6302306
1449.712,5174717
1445.089,5706707
1450.203,7380294
1455.899,7751326
1465.827,5384685
1479.283,4651339
1474.413,5113104
1471.272,7786446
1487.37,6214445
1486.252,6170086
1494.312,6248160
1494.365,8325095
1476.969,6974270
1476.742,6234450
1479.652,7373850
1477.296,6097542
1470.393,7248409
1477.651,15628453
1493.451,7130576
1502.148,7877962
1498.485,10213118
1495.885,12215025
1507.162,13638491
1539.358,15231598
1529.491,9458006
1525.439,8770402
1521.414,6951944
1528.854,9795392
1531.927,15221356
1503.314,6284420
1512.019,7483613
1501.484,7110300
1502.349,7297746
1504.436,7366238
1499.682,7941319
1484.704,8359717
1486.024,11418299
1497.054,10259070
1515.375,12574490
1502.077,9119553
1512.429,7554533
1511.365,9121908
1529.47,9253283
1538.754,14504294
1553.877,13207889
1557.175,9952659
1559.705,9221960
1566.766,11378883
1562.106,9547458
1565.84,15511866
1538.762,8163290
1530.215,11346522
1538.92,13874500
1556.249,13022067
1574.111,15927706
1562.237,12665087
1576.528,13112817
1576.261,18321274
1568.156,16911020
1551.811,17345720
1568.341,15966476
1569.512,17357022
1560.955,20813338
1546.113,10989875
1533.483,10444031
1535.52,13266615
1555.447,16507581
1554.452,18130438
1555.285,26715502
1522.924,20254406
1485.307,25529590
1531.867,17378744
1521.444,20966324
1509.313,20674900
1537.691,26462608
1487.147,13901836
1503.59,24854482
1541.96,17664770
1568.692,13557199
1571.714,25098944
1603.077,27414894
1613.604,32118988
1606.24,44806840
1631.47,38151012
1616.072,46769752
1576.86,39418800
1551.18,43111016
1543.674,31762636
1520.551,16253782
1515.132,13549293
1521.128,10240916
1511.729,9479199
1521.32,11090214
1522.546,15222781
1510.578,11841571
1491.941,14660785
1499.347,15051894
1456.271,6271469
1462.4,6475235
1477.766,6524191
1474.657,7617922
1464.54,7655740
1469.96,7637422
1459.892,7088745
1469.274,7187381
1466.044,5613442
1464.649,6033789
1475.008,6403671
1469.548,6336210
1468.919,8947347
1493.093,8335401
1498.343,9982208
1517.179,8142890
1524.304,9198499
1525.483,10236144
1511.932,8360100
1513.704,10416100
1513.175,8486200
1511.275,12912800
1481.936,7947700
1478.871,12053400
1509.486,10019900
1510.803,12157155
1496.468,7252743
1496.523,11086400
1510.95,9248600
1504.338,13093300
1510.671,10627700
1492.764,5979700
1480.169,7999500
1499.815,12698300
1500.639,10478500
1496.157,14672600
1479.07,14814600
1450.616,11427599
1460.53,12139944
1454.891,17551200
1482.681,22487800
1478.675,21566700
1485.618,24575400
1459.92,37023000
1466.851,41012400
1386.314,8607700
1384.859,16263300
1397.384,18529300
1372.067,9823400
1332.061,7343200
1334.679,6750100
1319.868,4576474
1320.63,6500700
1357.654,9892700
1366.362,7791300
1382.971,8293600
1384.152,12554400
1421.515,6762700
1430.827,6286700
1430.199,8299900
1427.936,7227100
1413.597,5598400
1411.719,7271200
1416.096,6702700
1408.515,7594400
1396.898,6903001
1383.91,6552300
1379.195,5247800
1383.84,6045300
1400.867,4038300
1405.525,4447300
1404.88,5569800
1414.454,9306000
1408.843,6341000
1395.675,8684900
1434.182,21439700
1417.525,9622900
1378.752,8835000
1371.167,6775801
1398.438,5364400
1395.497,8541900
1390.629,8854800
1425.843,7054400
1462.174,4980700
1451.29,4635300
1463.691,7288200
1460.795,6492900
1490.464,8028000
1485.913,9789700
1504.403,5626400
1522.187,12127700
1554.237,8131801
1552.561,8156400
1558.239,15686700
1531.842,7102800
1510.76,6107001
1507.496,7586201
1509.707,8251400
1510.882,6813100
1502.716,6507300
1520.313,6455700
1536.52,5153900
1548.965,5245500
1548.104,7363100
1524.925,3884600
1519.539,5077600
1513.097,5110100
1537.388,6384601
1524.728,4701200
1531.676,6573200
1524.051,8199300
1530.407,7217300
1535.366,19118400
1562.993,3511700
1581.618,6240900
1587.649,5777700
1597.837,4409800
1596.732,4245900
1602.591,3573500
1604.913,4227100
1619.354,7208900
1594.584,4372000
1604.881,6095200
1604.083,6453600
1625.759,3541400
1624.558,5083100
1620.355,6225000
1625.111,6982800
1621.582,5353900
1631.384,6983400
1641.807,8241600
1663.972,5036100
1674.07,6252800
1668.774,4640300
1666.618,4658700
1667.318,5690800
1676.77,7490029
1679.691,7445300
1670.685,6019600
1683.207,6964500
1686.111,12210700
1673.549,7388100
1671.351,10656400
1644.301,4212100
1646.792,7805800
1634.366,4488800
1646.722,4120800
1636.632,3718100
1634.566,5140200
1647.046,5503100
1659.802,5041900
1668.065,4228900
1670.619,8063100
1653.957,4460800
1661.871,5283500
1653.008,5965300
1651.594,6414000
1669.002,7452200
1665.674,6171200
1657.499,5912700
1665.109,6629800
1672.4,6068000
1673.861,7420500
1681.009,10196000
1713.861,8058900
1704.912,9559200
1701.718,7408900
1691.623,7960800
1687.945,9649800
1698.298,9034300
1696.94,11288600
1701.824,15511800
1729.986,11637700
1732.934,12441400
1722.188,14110100
1713.135,17093600
1730.919,15529100
1724.949,15195000
1713.705,20825400
1732.755,40515800
1723.545,26111900
1712.91,29518700
1706.591,52889904
1707.313,85051896
1562.722,17967800
1516.151,5680500
1507.668,4434300
1524.068,8365200
1496.242,4482200
1494.246,5461500
1511.711,5775801
1524.842,11734300
1530.963,5805300
1517.23,5479400
1529.507,11445400
1521.263,10962100
1462,5415900
1490.514,5546201
1483.348,6233401
1515.733,4850400
1523.522,6713300
1524.806,6605600
1558.524,4680600
1555.048,4682100
1549.466,6374700
1571.611,9149000
1564.489,7702500
1588.108,12498900
1541.53,6012900
1567.497,8445100
1549.501,10526900
1598.354,7819100
1616.231,6308200
1623.94,6777300
1638.198,6997300
1650.578,6538500
1652.368,5335500
1667.749,11275200
1665.812,12737100
1640.589,9104900
1615.919,5909900
1611.051,6859500
1624.546,6396100
1627.48,6609401
1635.172,10622400
1628.137,9560200
1644.395,9050200
1640.285,7547600
1649.5,10513300
1658.979,11237800
1649.53,11766400
1677.658,14493700
1667.522,18754700
1640.65,7840400
1634.643,13270200
1641.699,13272800
1594.508,9056800
1582.883,10704700
1608.506,9246300
1603.905,15007400
1650.673,9549300
1654.231,9183000
1649.484,13766799
1675.289,11101700
1669.694,13586600
1685.017,18358166
1682.51,26220600
1665.357,17211900
1623.884,16323000
1620.976,17542200
1665.151,16495100
1623.432,19757200
1643.692,30771400
1664.094,36350700
1640.256,33084300
1613.001,22017900
1569.208,21051700
1560.079,18763600
1526.804,7526300
1502.54,7298201
1524.701,9027800
1538.319,11617100
1531.43,9296600
1530.284,11375700
1506.615,9404000
1515.394,12798700
1485.802,11856200
1518.28,13974400
1511.327,11584700
1485.77,18166900
1491.665,27589602
1396.605,7118000
1392.775,8726100
1359.549,13984100
1451.484,9777400
1456.404,17330600
1444.965,13839500
1358.691,9519900
1366.968,5676900
1415.438,10553100
1419.519,8109100
1479.619,6379801
1459.653,7312500
1485.108,8867100
1535.593,5483400
1576.437,12487601
1561.349,6808601
1583.461,6071400
1596.76,5134000
1611.393,5265300
1645.971,10632300
1639.484,7060500
1627.923,7360700
1633.643,7229000
1611.17,6263900
1606.104,6635700
1640.142,5902500
1631.537,8320900
1672.698,5899801
1687.29,6820200
1665.938,5152000
1675.514,6840601
1688.013,8595300
1715.172,8719700
1728.878,9127800
1748.682,7386900
1745.407,8245100
1751.182,9694300
1745.227,13622700
1769.681,10210900
1762.562,12308900
1747.993,12148700
1732.296,10537600
1735,13331700
1722.589,7839900
1705.885,7893300
1712.564,10254900
1715.813,9541100
1705.664,10728900
1699.732,14353100
1669.894,6853200
1646.763,17699500
1621.344,4447500
1617.102,4801700
1615.931,5573401
1621.195,6005700
1630.359,9657029
1605.871,9157186
1594.05,11914083
1671.278,6735995
1679.572,8749560
1691.351,9625065
1707.754,9547888
1689.17,7731641
1682.769,10310847
1700.477,9509000
1677.878,9601522
1676.499,14494377
1718.06,33354956
1670.562,37543756
1520.669,8008601
1572.453,11377782
1615.579,6471829
1643.066,5848359
1655.902,5668653
1687.28,6689659
1691.326,12870193
1638.326,8462168
1686.612,6850454
1744.64,5640031
1726.533,4720978
1764.867,5863855
1764.932,6167968
1767.814,6762135
1793.884,7074227
1794.961,7794230
1807.019,13707383
1818.419,8715197
1822.695,7292669
1798.622,6175074
1784.608,8260906
1818.382,8465186
1839.909,7657115
1852.604,15107825
1863.78,10143178
1856.529,11727593
1808.844,14013289
1861.561,9983542
1868.27,10618446
1862.36,9963105
1817.19,6931195
1834.138,8065334
1839.631,6463776
1847.536,8495224
1843.385,9173735
1827.25,9766366
1886.8,7783670
1902.99,7772230
1903.446,9922789
1938.871,8402581
1934.489,8064581
1924.003,7105466
1919.645,6582618
1947.359,5434347
1939.542,8851098
1955.1,9948979
1955.036,14705140
1924.59,10716535
1895.169,13127597
1903.932,11860230
1882.126,12326410
1958.692,7348473
1957.023,11394469
1986.928,11570927
1920.318,11772308
1956.823,12318097
2065.728,10545587
2094.009,9157128
2112.256,9075121
2136.454,11095459
2169.007,9736242
2179.624,12949597
2150.265,8538162
2146.541,5200871
2140.981,9228229
2146.236,11125688
2161.34,8061426
2165.491,7460675
2168.74,7251158
2189.785,7291747
2169.655,8908828
2170.521,10699916
2181.663,12834708
2202.058,14379276
2211.83,20364184
2205.985,12083407
2218.029,17230252
2219.25,13362484
2229.828,12349234
2233.591,16016553
2230.197,14715507
2206.067,12275331
2189.145,10926355
2163.123,8067520
2170.454,9162338
2167.647,17262698
2210.97,14649235
2202.398,17901196
2242.423,13948556
2222.959,13822778
2214.623,15323698
2223.068,15120425
2229.812,15404849
2238.501,16878380
2234.987,24038726
2226.779,25639842
2219.591,17805808
2214.257,18573080
2211.201,19024930
2180.276,12065510
2179.699,14947151
2193.576,13580861
2198.297,14328948
2197.595,20262686
2210.337,15254451
2213.595,33653540
2203.372,32001434
2194.647,27912472
2199.505,18947892
2191.064,24656102
2178.466,25253200
2155.405,13806464
2147.283,9850559
2132.89,9719034
2137.994,8480368
2119.184,10911782
2115.109,13625350
2105.056,13285484
2119.18,18194856
2166.174,13515372
2150.426,21827884
2152.335,22812702
2172.87,24544314
2172.564,22127852
2176.679,28552578
2168.059,31419584
2145.4,18643834
2134.798,18643070
2131.397,15311063
2128.479,20749508
2117.367,25864174
2108.606,37397508
2112.6,23045766
2090.719,20793022
2123.052,20573912
2125.084,23700180
2112.775,24367148
2101.658,15510812
2106.874,15672518
2107.258,17883714
2089.881,21154246
2053.539,24221622
2087.532,23619556
2066.39,19606416
2045.793,12438004
2036.617,13918484
2020.236,12309716
2022.601,13727997
2018.616,10675446
1998.699,13787212
2012.552,12319635
2011.66,15653669
2000.9,11474609
1991.177,13890054
1990.06,20872240
1984.2,10719359
1985.111,15163578
1965.121,11667369
1959.18,6141354
1962.042,7398594
1954.693,7624348
1936.346,6209740
1907.26,5054734
1909.326,7617817
1953.218,6435934
1967.55,5846083
1941.964,6750210
1946.479,4506756
1963.2,4382153
1963.528,5403514
1961.221,7203075
1956.97,11237019
1930.138,8885737
1979.939,5882229
1995.315,9528427
2008.032,8974243
2065.606,11831264
2043.11,10341571
2034.584,7324134
2045.887,11583722
2032.443,14998588
2104.747,10660882
2119.141,14072209
2125.615,12916883
2101.135,11649338
2102.064,14787085
2125.3,13288175
2117.405,13423540
2123.899,17157672
2103.469,18650746
2073.477,13658680
2053.704,13842400
2058.244,11761632
2076.266,10428055
2068.174,12061012
2069.768,12032660
2076.886,12498349
2071.268,11920718
2049.032,11368183
2044.545,11262588
2039.364,13205907
2051.079,14192813
2056.12,9385102
2059.053,10991828
2046.076,11986534
2073.163,11583235
2075.044,9687361
2075.627,11383325
2091.67,13895864
2092.139,14228850
2081.843,12285286
2070.613,8465550
2067.495,9943629
2079.396,8588966
2049.671,10587826
2053.37,16497562
2119.439,12492077
2113.303,12146707
2097.982,12479718
2101.389,13102959
2093.235,11801326
2095.984,12821820
2081.905,13334267
2085.118,12448777
2070.788,14408777
2047.458,13965900
2032.482,14051628
2012.908,9254272
1997.077,7898747
1991.173,9996819
1981.631,9320818
1984.26,8933851
1977.363,8501940
1961.287,9090422
1973.578,9939449
1967.405,9037111
1967.673,10652764
1977.254,11506545
1956.344,6357283
1958.938,8577974
1947.455,9387661
1913.42,5965058
1922.845,5755033
1909.49,4174936
1902.809,6085036
1918.157,6642719
1926.324,7226056
1933.726,7252889
1942.149,6677506
1915.35,5166776
1910.161,4682326
1889.289,5049919
1914.086,4327159
1887.829,4358292
1875.911,4759702
1891.984,6683124
1907.306,6394554
1922.289,7043396
1903.154,9195399
1946.753,6892538
1978.434,6331164
1979.505,6467591
1988.936,8889416
1979.095,6688864
1972.043,7355435
1959.312,7223218
1950.663,8466657
1925.907,11017267
1963.792,9851131
2010.602,9840289
1999.859,12795555
2021.199,16110624
2076.143,13380507
2105.476,14521684
2100.585,13832498
2086.703,12290483
2071.161,17246856
2057.919,26378898
2074.703,16052733
2108.69,15859304
2090.183,12564344
2091.586,13925760
2083.467,15420303
2076.823,13479279
2076.3,15170757
2062.666,15313964
2065.943,17379430
2061.18,16350866
2049.916,13738001
2039.419,13716475
2026.361,19597136
2036.301,18321318
2030.683,23905316
2028.151,21187984
2023.539,17173844
2012.793,14896658
2012.35,17398156
2012.319,15163567
1996.577,11272790
1989.239,11897274
1996.336,11732602
1991.56,17370836
1998.426,29138588
1993.986,17563236
1982.479,15845496
1987.192,16215709
1979.201,18160108
1973.374,13919526
1960.541,14438388
1948.021,14524627
1932.792,11650363
1902.552,9802903
1909.187,13028429
1907.931,14404756
1895.637,15772238
1928.106,12467584
1937.261,11919841
1947.481,11239540
1942.898,11980052
1948.639,14062048
1939.627,11993923
1913.901,9054294
1913.131,8348911
1895.348,10135495
1915.205,11880869
1926.944,14706052
1942.285,14116758
1932.29,16150828
1938.674,14427663
1912.557,12039594
1900.787,15185524
1925.206,17086620
1935.031,15573925
1925.544,17120126
1899.092,29216146
1916.25,17840350
1903.488,14654595
1894.554,15760230
1877.471,16518999
1898.748,18029154
1879.617,20602522
1880.704,16809106
1855.493,15860859
1832.075,12469572
1824.736,14655311
1777.828,9553988
1758.537,8354142
1725.398,5257679
1724.538,5335453
1704.587,7094654
1720.608,7404179
1724.048,8437170
1752.689,9431059
1806.638,9117621
1836.637,8958631
1836.321,10971313
1806.83,12332934
1832.779,10163838
1833.469,10771405
1837.398,16427791
1841.064,16244630
1847.071,16533108
1828.71,12766161
1813.495,13204735
1795.058,19821740
1833.665,17905474
1831.548,16549059
1807.328,13643034
1821.174,14245477
1826.061,16809154
1819.896,16081263
1809.141,15007034
1771.199,13603240
1760.692,17128272
1801.003,18861114
1800.225,23340364
1810.984,29305432
1788.807,23026682
1791.441,24484368
1775.914,19927312
1730.499,22036720
1747.241,16743141
1720.446,14658422
1710.324,16351103
1699.248,18173800
1658.601,15336724
1607.527,19791590
1681.471,16782164
1685.347,22870444
1728.875,19826626
1705.049,15872365
1732.346,17877382
1726.033,19745944
1694.798,17685018
1681.085,26504710
1738.021,24815498
1713.014,19593496
1697.744,22487674
1714.578,28678748
1704.855,26127946
1631.576,17058054
1634.309,13932876
1594.93,19185730
1632.294,24251776
1677.136,31011206
1668.091,26785354
1640.649,51439068
1693.109,37435548
1670.67,52543428
1673.943,43569132
1534.997,29388162
1506.767,18979974
1481.117,10384438
1476.506,13635983
1477.344,16241508
1465.085,15050772
1466.863,10070803
1440.724,8004793
1426.623,7767131
1433.33,7647977
1408.848,7447013
1424.442,8611943
1438.02,15221934
1479.781,21924568
1545.112,31253046
1516.604,34869396
1463.942,13480517
1409.682,10579392
1406.371,9032824
1366.58,4013967
1356.926,5053567
1348.821,4895714
1345.352,5120891
1355.367,4292049
1369.461,5112644
1387.51,4936026
1395.497,5660583
1419.551,5122982
1434.867,6062448
1451.057,10922717
1422.263,4551198
1417.107,5042219
1428.939,4783451
1416.726,4592002
1424.848,4696821
1428.261,4662381
1426.995,5103726
1437.233,4547140
1435.837,5335604
1447.116,4974970
1434.973,4908134
1435.468,5246221
1444.513,7100498
1444.241,4122010
1454.578,4207111
1466.434,4185414
1464.588,6153753
1468.472,5705497
1482.452,10147597
1462.79,6525973
1431.319,8318061
1451.536,8089110
1450.327,3408139
1443.905,4677452
1450.152,6791218
1464.03,4406000
1471.375,4787861
1465.232,5600025
1464.828,5906955
1475.684,4845658
1487.469,4450313
1493.096,6191494
1504.563,8505934
1514.525,13281651
1536.821,16146892
1482.667,7555506
1468.266,5167719
1497.462,7843548
1458.53,4772687
1485.827,4311739
1470.9,4861655
1501.665,5602542
1543.798,5670809
1508.726,4033428
1507.422,3626323
1537.796,2338472
1522.48,3335240
1534.515,3312755
1570.702,4555072
1584.954,4749405
1591.432,4097813
1602.158,4092406
1619.326,4482136
1604.203,5485423
1617.057,3964186
1625.588,4720314
1633.835,5313335
1648.558,7076285
1645.511,7316895
1662.803,10498492
1672.892,9552708
1670.143,10893222
1659.929,19568526
1675.122,19742420
1571.598,4179842
1562.794,4670621
1560.678,5538676
1587.887,6856601
1611.958,8131522
1599.552,6859139
1627.116,7354986
1619.039,8956626
1633.9,8223116
1638.233,8239467
1625.765,9267888
1648.469,10960983
1644.999,10643615
1628.934,11817039
1637.743,15467971
1581.929,6820450
1576.405,8980643
1560.068,7269847
1571.901,6676834
1575.642,7433422
1583.401,9450115
1602.147,12439927
1628.836,13479724
1646.593,19330938
1653.537,14621661
1649.128,15286508
1626.841,12627973
1616.276,11658733
1601.459,14561656
1595.86,8743008
1597.199,10700562
1590.713,11616827
1602.031,12451229
1585.98,13293484
1550.73,17820736
1609.811,27920070
1574.603,17308460
1479.076,12353108
1519.741,14933603
1549.336,15971185
1559.52,11205836
1524.821,12409413
1559.732,14080123
1584.75,13422935
1577.987,14397748
1568.652,15710583
1517.253,17967018
1581.819,24206162
1613.533,34384460
1560.787,31256924
1689.428,48857932
1739.205,40105956
1693.16,41388044
1593.859,57813296
1654.11,37620468
1606.5,30268818
1564.444,31708660
1546.408,30698750
1498.915,36117504
1501.007,36486140
1460.168,25207224
1387.592,37484680
1427.707,25261662
1370.39,18841190
1364.345,24877430
1348.606,15632292
1333.644,16198350
1326.518,15662290
1285.579,13684804
1268.324,16661480
1287.931,22232502
1311.594,17229448
1279.326,23473262
1277.15,31968358
1283.02,22576348
1236.046,16205778
1202.885,28737594
1213.654,20741160
1168.72,15705957
1147.707,10670592
1109.089,5987952
1059.874,4004592
1065.557,3753625
1063.277,4859056
1088.863,3660732
1099.996,3961647
1095.402,4348191
1071.927,6881933
1120.738,5833327
1128.224,6390982
1116.932,4374633
1111.757,4088966
1120.927,4196097
1116.405,5046362
1091.089,4732066
1091.695,5624835
1112.791,6041763
1139.997,6756822
1137.162,9089428
1144.065,9520690
1171.603,10691399
1159.473,7671990
1166.237,7241138
1170.616,7370370
1181.517,5325704
1178.192,7348214
1195.337,10202961
1205.139,9809011
1202.469,8176106
1201.634,8141675
1199.6,6709362
1194.469,8071769
1184.402,7665532
1168.504,6202124
1158.054,4842390
1157.507,5147192
1169.489,5518242
1161.12,5151964
1156.854,5133762
1169.034,6132947
1170.949,8784440
1172.743,7695285
1172.933,7165931
1151.991,5927449
1159.096,7548775
1166.93,6598637
1164.639,7295911
1158.702,7064437
1149.925,6941610
1132.736,5326390
1136.941,5900199
1142.107,5631702
1132.357,5201943
1128.954,4951400
1128.736,5590344
1100.919,4040064
1097.975,2885407
1090.087,3275662
1065.816,3523808
1081.442,4085180
1103.497,3891062
1116.865,3714841
1126.404,3989973
1120.531,5084152
1134.673,5151585
1140.975,6254345
1146.493,7570979
1138.21,6203293
1148.123,7913127
1162.35,5536576
1158.499,4474945
1151.374,4063705
1158.551,4442966
1153.119,4477097
1137.309,3854682
1148.655,3230412
1148.154,4461641
1158.868,4624921
1172.813,3962658
1168.814,4436240
1137.729,3715075
1132.59,3255491
1119.965,2891920
1125.819,2339517
1146.7,2317843
1148.264,3710301
1142.729,3166236
1159.937,3366096
1173.913,2977074
1168.981,2654896
1172.512,2917591
1185.966,3520388
1154.428,2338726
1155.92,2859909
1160.09,3448844
1183.062,2399984
1194.844,3308838
1196.296,2825688
1214.21,3183443
1204.635,3513077
1224.087,2567503
1223.258,2977797
1209.541,3344392
1219.196,3700420
1232.506,3767116
1236.969,3423890
1234.358,3879527
1247.417,4046778
1245.081,4275890
1252.818,4351326
1263.85,4966802
1278.916,6718642
1273.785,4564038
1275.374,4504673
1275.607,4871674
1285.503,5451822
1290.595,5655216
1293.743,5825646
1282.508,5640455
1282.988,6745534
1286.199,6657490
1286.559,7898536
1283.121,8778119
1259.765,10106382
1253.275,6918229
1235.804,4604591
1236.872,4742017
1223.478,4348542
1217.316,4692935
1216.76,4580666
1225.929,5241782
1216.788,5103062
1208.266,6722034
1217.429,6731134
1216.094,6369171
1207.825,7465234
1243.645,5451338
1246.236,5713474
1251.525,7013483
1254.814,6299013
1240.595,5325806
1244.068,7027968
1247.146,7039820
1236.932,6284638
1228.71,4873150
1213.785,5274522
1217.457,5012908
1234.779,4504095
1242.896,5611272
1231.747,5584418
1230.211,6996815
1221.578,5309184
1199.061,7166078
1229.862,5413091
1222.634,5329662
1222.379,6041948
1207.001,8887182
1233.703,11191366
1252.138,9419148
1230.126,10596866
1239.605,12520165
1218.005,8687870
1213.674,10190773
1190.683,6320131
1167.597,6025118
1178.375,4907531
1163.527,5276275
1147.197,3656841
1136.89,4057826
1143.125,5622089
1150.223,5612658
1129.722,4504187
1145.216,4680063
1160.288,6644549
1179.066,6366485
1178.554,7292800
1177.623,7170023
1149.907,6440398
1126.081,7199986
1071.3,5309127
1070.41,5361820
1168.026,4689208
1204.18,4214021
1190.554,5306028
1207.672,3627140
1234.581,4890102
1271.069,5676227
1294.162,6236446
1307.44,5682483
1293.457,4159886
1302.102,4622575
1316.919,4825760
1315.302,9860431
1311.94,3850139
1317.946,3401691
1321.899,3954971
1326.821,4109076
1316.271,4108168
1299.148,3494924
1313.01,4077168
1287.073,4853887
1314.715,5126150
1325.633,4355452
1335.466,4335965
1336.558,5156275
1358.813,4795185
1360.619,5297925
1343.232,3988182
1338.984,3452984
1324.4,3515220
1315.283,4627863
1335.125,5450636
1331.65,4845889
1316.441,5550416
1339.202,3810656
1361.432,6015491
1385.618,10178135
1382.036,5065461
1401.742,6315300
1397.956,6393474
1399.356,6433844
1392.878,5359102
1370.685,5243717
1348.942,5131605
1348.588,5929275
1365.341,5488431
1383.388,5425097
1347.677,4239517
1368.297,5355221
1369.65,7226898
1403.73,6688325
1408.614,7567916
1406.303,7636490
1420,8558169
1413.08,7950942
1415.575,9839901
1411.206,9508796
1397.895,8308787
1399.542,8827416
1390.416,8752337
1389.366,10706885
1375.817,8001902
1366.656,6761925
1357.431,6720300
1362.292,6231354
1368.183,8261204
1368.087,10216419
1367.127,12367814
1369.262,10200862
1349.649,8679696
1354.606,13421615
1357.595,16861232
1327.873,7958195
1348.412,7638295
1352.52,8019245
1352.926,11036492
1343.448,8858593
1332.499,8270674
1332.99,9589329
1310.378,11064605
1315.167,9704622
1324.559,10653131
1332.182,7902050
1305.223,6563455
1296.005,7377140
1298.107,8786014
1316.246,9441175
1324.707,9554503
1313.721,8553116
1318.748,12145809
1311.514,14626799
1297.225,15117021
1322.793,14139194
1303.14,16278826
1306.378,10207026
1286.084,7910901
1269.015,10312029
1254.965,6222174
1243.016,6091676
1249.435,7296185
1223.565,6828855
1188.865,4520501
1191.553,4125855
1194.017,3519725
1179.869,3610322
1187.501,2789824
1188.715,3359438
1193.909,3622608
1202.835,3733760
1188.482,3018911
1184.961,2331528
1178.97,2504100
1190.037,3655966
1199.832,2980644
1200.834,3091094
1206.452,3085020
1207.541,3223419
1213.253,3595148
1201.789,3561297
1188.306,4843155
1206.53,3582150
1206.674,3147775
1194.673,3428467
1208.218,3526684
1208.603,3807533
1226.02,3159234
1232.584,3300714
1229.831,4614067
1238.5,3525859
1236.236,4615358
1245.911,4097735
1246.295,4749077
1250.238,4815520
1236.513,5324563
1248.04,4358584
1222.913,3580684
1204.43,4361254
1200.203,3032972
1203.715,3129378
1213.129,3262038
1213.962,4120326
1215.431,5539255
1202.215,5703801
1167.647,7194435
1226.966,5739689
1239.901,5357096
1237.164,4069472
1244.07,5756557
1233.62,5148664
1220.473,4371532
1194.102,3093250
1181.143,2792940
1186.606,3670210
1191.919,4192918
1181.278,3598401
1169.664,3178988
1171.254,3313634
1169.007,4233415
1160.768,3244670
1154.166,3049009
1146.522,3323458
1174.802,3339194
1168.026,3166176
1153.84,2571101
1159.169,2317636
1157.842,2368716
1148.171,2146267
1139.364,2096403
1136.204,2396652
1135.873,2290658
1122.546,1917993
1130.167,1875374
1133.087,2312875
1139.628,2657870
1122.516,2512619
1143.818,2347278
1125.528,3584243
1124.941,2966754
1158.555,2927301
1172.427,3245751
1181.627,2656860
1183.349,2563705
1191.333,2722943
1197.832,3893766
1185.024,2981946
1174.189,2949103
1186.634,2996537
1185.784,3996574
1195.141,3627501
1181.123,4281561
1194.038,4919680
1184.7,2362328
1180.854,2562182
1180.393,3050338
1174.846,4817378
1184.086,3591003
1177.924,5248239
1235.827,6563903
1178.306,3775922
1173.364,4154787
1177.52,6082871
1191.87,4232146
1187.368,4608956
1176.489,4599942
1150.307,3386234
1125.782,2145228
1117.928,1538060
1119.817,1899293
1130.785,1951931
1122.466,2025031
1134.868,2933823
1102.573,1762384
1098.903,1565933
1097.383,2045300
1084.072,2436154
1109.634,2741706
1117.01,4336333
1110.012,4964027
1041.965,4299589
1103.974,3062643
1184.521,2018437
1172.366,2300956
1167.557,2425953
1187.22,2651954
1179.286,3578373
1208.697,4310666
1242.713,7133641
1256.041,5390723
1231.027,4544453
1255.229,5484254
1251.55,4722780
1251.298,5447049
1240.82,5758038
1226.303,5896206
1229.865,6798216
1221.064,7318643
1213.892,6942658
1198.513,5433721
1194.043,5549792
1184.096,4539603
1171.833,4337399
1164.545,4007224
1144.639,2507383
1132.905,2571981
1134.634,3357464
1143.064,4767614
1168.113,3952971
1120.127,3460815
1146.809,3936901
1184.083,5036508
1206.053,7033741
1199.24,3448699
1171.941,2972321
1196.274,3597457
1200.333,4326691
1192.828,3286478
1189.76,3763266
1179.421,3652351
1153.229,3033113
1141.777,3059538
1170.862,3112253
1174.217,3325957
1198.861,4808424
1208.248,4552630
1193.525,4940280
1209.857,4765964
1197.226,4578718
1190.826,5273630
1200.114,5727596
1185.72,5573165
1154.794,3965974
1120.154,3354190
1120.841,3214466
1109.666,3675202
1096.819,3526133
1159.342,4445420
1150.623,3737271
1199.061,3923861
1250.272,5632511
1284.459,4106079
1297.592,4441957
1303.928,4145512
1283.495,6216438
1291.199,4840670
1230.74,3087207
1232.68,3284719
1245.934,3604596
1261.466,4840552
1243.979,4544997
1212.766,2912346
1220.395,3670099
1241.742,2750901
1274.92,3482366
1275.304,9218915
1360.232,6025594
1361.186,7167138
1338.756,7059196
1336.283,6344059
1285.182,3937747
1263.349,4661898
1270.351,4808782
1281.744,5377609
1251.551,5863918
1254.266,5390990
1235.223,6673195
1354.882,5652777
1381.115,5354499
1344.611,5613684
1315.921,9768284
1417.674,6742493
1379.22,8075459
1464.282,10808461
1500.398,13162879
1467.227,9601984
1405.184,11449654
1495.457,11442789
1482.993,11585373
1448.926,10288347
1393.749,8331599
1376.77,8349533
1351.997,9226121
1364.975,10444571
1380.281,10035406
1378.842,10522662
1365.497,10857722
1362.075,12377891
1338.033,8801098
1323.369,7803004
1327.784,9697085
1324.956,10320303
1316.92,14119474
1278.525,9223723
1281.891,10861329
1286.849,9604504
1247.264,8053775
1276.409,10098885
1260.963,10161852
1246.03,6891523
1233.847,7583241
1241.028,8367888
1234.617,8505750
1202.668,7532681
1214.257,9687737
1215.308,8872766
1197.844,9006469
1191.732,10888618
1167.168,7383739
1120.719,7576374
1161.265,8071929
1162.634,10507794
1158.476,11284870
1125.8,8188594
1117.281,9139949
1126.162,9627853
1109.733,8332303
1099.679,8631868
1077.72,8140573
1079.134,8700560
1052.147,7887031
1068.163,9139791
1063.045,9005945
1040.273,6698066
1025.3,6600775
1031.514,6167621
1017.958,7125747
1009.564,11122758
1017.131,13808384
965.082,9530846
962.691,5407282
894.847,7273849
982.404,3616966
964.742,4088016
960.171,3523831
962.102,4130859
956.311,3286744
959.057,4799149
953.918,3737870
945.8,3969012
942.436,3342414
929.113,3393618
933.28,2749331
919.851,2236668
915.006,1940147
916.718,1937957
907.85,3043939
929.521,3881413
918.401,3337217
906.975,2526501
896.408,2313690
898.171,2518248
876.495,2416088
899.613,3429165
919.435,2653037
917.018,4721433
934.213,5717506
922.348,5509004
924.235,5522191
895.177,4159185
865.577,3665224
902.014,4437240
885.238,6198930
902.423,8908300
972.73,10124334
905.579,6014684
1000.022,1433003
1110.038,9742486
1177.136,11204061
1244.9,12680276
1230.254,12963366
1247.658,15603201
1212.889,14430518
1212.081,19687106
1169.92,14828442
1122.989,21485676
1134.523,20411528
1032.947,13130487
992.639,7510755
980.381,5476057
967.589,6201207
976.55,6440178
951.832,6362317
940.773,8714657
1014.925,8541935
1015.958,12890007
1004.689,8278962
950.827,5509858
953.19,5539152
940.522,4520260
943.003,4937158
933.969,3631432
919.674,3054420
928.141,3494761
915.051,3971998
928.029,5038555
945.117,5628502
930.789,7974747
976.71,7183930
958.939,8913422
1017.518,11142888
1022.864,10295494
1012.672,11273987
1007.914,11165096
1010.834,14262611
976.471,10114057
964.392,7409762
939.932,9963990
952.322,8331417
933.883,8499455
937.293,8655867
940.786,12502362
909.894,11252541
904.095,9745683
874.011,5107229
877.607,5362932
864.663,4401367
863.459,3849198
865.486,5855275
875.525,6779711
854.664,5528706
835.181,5269653
849.924,7619116
851.986,8750209
805.538,3632568
769.099,2047827
760.756,2960647
776.479,2825712
778.293,3105759
779.069,3294425
757.087,4951125
769.245,2902595
764.449,3579191
793.586,3603709
801.234,3614965
814.383,7055527
812.015,3717969
800.223,3634716
804.778,3629176
809.938,4664219
788.734,3142907
796.839,3499275
787.467,2596491
773.068,2941322
803.693,3508527
818.196,3002311
833.606,3533549
822.442,2715780
835.209,2532430
853.87,3927559
865.827,3703103
871.645,3066998
874.805,3380463
886.046,5292406
871.604,5434288
875.999,4467449
867.267,5114482
862.223,3764331
853.193,3252658
838.875,3918272
835.105,3713304
822.477,3568602
836.932,4093727
855.421,4168558
845.123,6530364
868.159,8224690
887.596,7767470
871.487,6847447
884.939,10828270
856.928,8602257
818.044,3814635
808.99,7192647
823.08,5681102
789.158,3665840
796.41,3801905
792.068,5395230
820.046,6574262
817.612,7673064
807.339,7274347
785.379,7135117
785.429,6181885
786.134,5436389
759.713,3613407
761.115,6027652
804.251,4364062
806.461,5731744
801.463,3894474
780.65,3668148
793.339,3391442
796.108,3773213
793.585,3975064
796.911,7345856
793.564,5398729
751.996,6021042
777.275,10172193
768.681,6929639
755.772,8058351
752.26,7705698
764.386,10640451
727.341,10691870
702.637,7776633
696.97,5991263
651.511,3183675
641.092,3233044
643.65,2416099
636.364,1681183
650.555,1417899
646.912,1934188
637.959,1207223
639.802,2519110
642.673,3292401
668.621,3663837
661.852,4715549
703.084,6628098
711.93,4320810
683.07,5889047
682.05,2782651
665.41,2811699
666.1,3831605
661.47,2225074
656.9,2672481
661.27,3119170
661.16,4933715
671.28,5766489
650.04,2960827
654.43,5179001
681.16,7235604
738.62,8780222
707.61,10071376
652.67,6689213
664.65,7184553
623.77,2881555
613.97,5312174
618.12,4123339
600.28,1656789
593.38,1740492
590.85,1350672
584.67,827849
586.96,1548458
583.38,998554
579.82,1004596
578.07,859305
581.38,1899630
582.53,1157159
563.19,536910
560.98,484239
557.21,676068
566.19,1371654
556.39,1085856
554.04,1060697
562.35,684522
563.52,890455
570.24,962361
570.18,884935
569.76,1118479
569.67,803071
566.55,763322
567.87,980704
562.39,597795
562.3,592667
563.2,661702
563.88,1166225
568.12,1157246
573.13,1334412
569.33,1148420
559.7,2514257
587.06,4289672
601.98,4480923
552.94,1870610
536.98,830979
529.25,497882
529.58,471762
523.85,364642
525.41,329658
521.86,378694
524.3,673555
520.69,776204
522.85,1220876
536.04,993070
536.68,962217
537.35,1964732
532.57,1153756
529.14,1098300
525.57,967330
521.37,2307320
522.63,779977
519.6,556340
516.46,682624
523.51,863912
517.63,1267549
537.31,981153
547.76,852911
551.04,919361
547.11,967429
545.64,1157744
547.62,1531535
558.62,1894742
539.17,696207
536.37,1386371
558.76,1105913
542.42,556192
537.87,482478
555.29,822337
556.82,809372
570.4,809123
572.22,548952
580.03,709792
594.24,696867
597.43,957680
601.04,665901
592.06,639003
592.14,809700
603.89,993696
614.75,766437
613.8,1433506
629.45,1476493
619.26,1137729
636.78,1458221
631.84,500832
628.43,641821
637.22,460212
634.92,412218
633.81,921951
641.14,923616
641.59,732428
652.57,959655
645.03,856620
659.37,763563
658.37,1017387
663.32,914955
678.42,1173928
674.74,828513
676.19,1233322
682.44,2658306
692.2,1705474
688.87,1290281
688.7,1681681
708.76,1328636
711.2,2051134
711.61,2553375
729.69,2034498
736.15,2477455
727.78,3155308
721.7,2050365
723.39,3035687
717.32,2733567
722.78,2513254
722.37,3579319
731.47,6377618
760.41,8046441
723.57,3116097
723.09,3877994
726.29,3221212
702.79,4527197
716.83,4273054
702.4,1888299
701.34,2591953
702.98,3929210
704.4,5487184
710.89,4139230
708.63,3995194
706.29,2345760
719.96,2323431
724.88,1020401
717.79,1222045
722.43,1922061
711.19,2068937
708.46,2608655
728.86,1022871
723.35,1210792
730.01,1074830
731.17,1367015
726.14,2027674
736.74,3154083
757.4,2418002
755.93,2691833
758.13,5448405
763.18,3426015
763.69,4611117
775.45,4213794
751.08,3051478
753.84,6190180
753.75,3817502
739.53,2698624
737.89,2865883
728.84,2036533
723.87,1882342
715.73,1793817
722.08,2568240
725.62,1478849
727.58,2207277
733.85,2596307
729.89,2515786
739.86,2430887
739.06,4113199
757.43,4953518
769.45,6967108
767.66,7800190
751.48,7278627
776.13,11835226
744.99,9059357
735.15,8558366
717.46,3623220
712.53,3566226
718.08,2689043
709.88,2570341
703.44,1817123
699.99,4544828
715.4,3194201
695.55,2324125
695.42,3230925
697.72,2246993
691.12,3705401
703.58,4677425
709.92,8588448
693.56,2876029
690.3,2763215
690.98,6698345
715.47,6692290
695.45,4618829
652.8,1766402
656.15,1588228
648.91,1134289
649.19,2245976
666.24,3409459
666.78,3066108
637.77,2040922
636.03,1157414
620.62,908399
613.18,1260256
630.58,1917740
643.92,799524
647.64,792094
649.93,1386078
653.4,820606
650.14,855886
644.47,1063607
651.81,859035
640.66,779500
638.96,714114
646.54,982912
646.85,2317091
689.22,1103607
698.95,1188396
698.72,1944173
702.62,1337475
695.93,2143230
716.45,1173637
689.13,932597
691.64,1187002
716.82,1453289
708.67,906974
700.51,1092356
711,1269182
710.59,1505885
727.62,3901339
696.85,3151448
741.93,4153473
750.3,8409161
897.42,12070917
855.81,10855267
763.51,10076101
582.89,242311
578.85,332583
582.04,410695
584.84,106445
568.06,349024
565.14,548077
578.5,363648
571.51,300239
574.17,418845
571.2,480506
580.38,482472
579.04,807343
579.93,938144
573.31,1905996
601.83,941409
619.84,610985
619.73,977123
635.99,1340573
645.2,1090000
631.51,708130
625.52,576374
631.26,686729
640.04,1022125
632.76,1436203
644.74,1619812
641.08,3541515
667.39,2646181
673.72,3441078
659.06,1860292
649.7,1403741
660.16,1520953
656.88,2114160
646.92,1265963
630.93,1684929
637.15,1030425
626.55,1246656
629.36,1719001
611.77,979545
611.13,1907796
613.7,1346165
591.95,603102
585.45,1084323
593.52,798196
579.88,489403
572.6,668663
588.24,719495
586.23,718221
586.29,1250517
605.59,1623939
620.8,3050924
632.96,3210710
616.3,2031407
577.22,1069184
560.85,466527
556.95,407516
549.26,495285
561.27,997645
558.43,1245653
589.12,1922892
594.64,1440033
541.14,263401
534.96,253105
533.76,385687
538.37,322181
542.84,232116
548.11,334781
548.84,435592
541.38,632978
553.35,587750
533.75,267052
532.49,271755
533.72,298731
562.59,558627
553.1,323391
555.77,378480
547.57,391150
553.44,372177
571.24,435803
571.72,417558
593.64,315663
587.94,350001
588.81,373651
597.84,421523
602.12,338195
613.13,362682
610.3,606925
625.97,509851
640.76,487482
646.89,430123
653.81,422220
639.88,234518
647.87,677709
645.06,828122
649.59,982848
660.88,1638034
675.88,1610154
677.84,3023717
673.48,1591470
672.47,2568225
667.94,1186345
653.37,977391
680.23,2095186
666.68,1023539
625.21,306808
636.68,439381
620.47,344027
640.67,401992
643.86,276270
652.85,252900
653.98,410698
663.13,392172
677.91,338072
682.3,268981
683.59,387252
687.56,393979
681.49,307181
685.33,662797
678.02,583816
679.61,690297
692.39,724103
699.1,345825
698.81,706662
697.17,912134
706.63,1135136
705.43,1813599
733.39,2434357
731.16,1982480
711.68,2914388
723.91,2510967
709.69,4271396
674.67,1213088
666.77,2777741
717.36,3411274
667.86,1008649
673.79,1199615
654.98,1551624
677.45,2598664
703.62,1905228
686.31,3347931
744.52,5659518
785.85,6031524
712.71,6549282
718.99,4762116
652.89,1934321
624.52,898639
616.34,1350710
663.75,3270027
635.38,3638977
711.01,2136533
705.07,2284055
698.93,5216786
738.03,6343069
660.5,2837029
706.42,3261098
791.15,3668769
839.37,3624128
912.38,3719895
870.15,2366061
880.6,2765866
867.65,4166424
918.44,4560400
969.03,3536784
914.39,3326539
927.62,4141982
978.99,5237974
972.54,4641504
974.86,8062620
1033.47,10204500
1019.97,8087496
962.52,8833818
972.84,7921545
931.57,11867308
1004.92,14313953
940.61,18384264
830.18,6685557
790.19,8635737
785.33,10734819
756.2,8119895
710.68,3753917
707.41,4949756
722.23,4022221
705.71,5104219
714.61,4099113
681.8,4689260
713.85,8427972
748.56,13240724
725.04,5418758
693.01,7200028
665.88,4551259
689.66,7254857
689.31,16929738
739.66,14283869
621.58,9620500
711.8,15876782
683.04,17730586
562.77,17575994
522.98,8344837
432.61,9188949
445.64,6203991
333.92,1183388
339.81,1280774
371.1,1834646
388.75,1693893
375.39,940691
363.73,782751
380.9,519747
393.87,334605
400.48,388639
398.96,450040
413.93,696118
431.8,790636
437.62,461652
429.21,322477
428.15,660753
437.75,596502
425.98,441382
431.71,562537
443.61,438989
438.58,519699
458.37,528995
469.29,475173
468.2,343038
469.95,387833
472.1,661367
492.33,599505
500.39,624638
505.18,556087
498.07,636656
502.43,1858213
527.85,1842022
506.36,797724
496.11,829897
490.75,751739
492.03,707644
514.54,784703
523,931669
533.56,805043
529.76,586253
542.97,1169550
548.75,1757666
546.58,1835763
545.05,2250024
556.26,3108228
544.26,6412940
573.36,1299107
577.46,1099491
586.76,1076634
590.46,1047124
587.65,1585670
594.22,2057304
590.54,1231949
583.32,1945166
592.02,1637435
592.57,2653975
590.39,1466810
582.16,1844336
591.18,2548720
595.38,1716041
581.7,1749043
585.8,1776204
590.87,1907679
619.58,2380003
605.77,1400761
592.56,2604835
599.63,3579686
598.5,2916956
579.72,1423889
560.8,1931556
566.07,3213060
582.43,2191990
540.24,1814450
572.73,1710162
604.15,1587921
626.79,2369345
636.08,1630720
656.79,1548426
665.61,1078185
659.05,1173086
678.85,914266
677.31,1188220
679.74,1097687
682.75,1503539
694.38,2181421
698.84,1654987
704.46,2496753
706.34,2023568
706.91,2201980
702.23,1986218
719.05,2314904
724.3,2825216
725.21,1986507
739.31,1309988
731.62,1679037
765.22,2566185
776.04,3455372
793.87,3699463
772.76,4687746
788.42,4827181
717.38,3169069
698.89,2940279
716.11,2695066
711.27,1712448
718.4,307824
726.3,1135285
734.45,1002258
742.06,1291178
757.29,1227367
770.98,2850034
787.42,2347516
758.84,1472418
759.71,402096
768.17,647103
754.41,449855
769.18,430361
768.57,514818
776.1,538945
772.76,643441
779.91,1149078
797.86,1419538
780.17,1066853
772.2,582879
755.15,491702
770.25,812960
799.26,968163
818.6,387437
812.41,854492
815.89,1397286
839.2,1252907
812.88,831843
802.61,897650
807.5,961660
835.06,952694
859.28,1083501
849.23,2429254
897.46,807921
888.04,1274299
891.79,1368500
900.3,1875951
879.64,1686884
869.33,1845117
846.98,894121
832.69,652743
833.9,1010056
833.8,697063
826.23,739747
821.16,937012
839.57,1438026
839.9,1004940
834.39,918481
833.77,1031247
821.19,2060196
840.34,1239165
783.79,1319581
901.7,902744
908.08,979969
940.61,988407
925.2,920584
950.77,986699
978.57,1284583
984.9,1246421
1009.67,2223643
1022.34,2402835
995.72,2062968
980.67,806229
972.8,778228
974.8,1217881
984.93,1603177
972.96,1386637
965.39,1918993
986.69,2354818
953.23,1893822
957.95,2135691
949.77,1884341
924.67,1620731
903.07,877493
887.65,1062975
880.33,1278614
890.46,1354358
865.97,983109
848.27,1114973
833.17,1169090
846.15,679881
836.99,818185
814.39,518531
804.26,504402
805.71,571874
812.67,549003
816.71,646971
814.82,999240
824.66,1160734
778.38,901031
783.23,995521
784.97,813707
818.81,1056350
832.25,742611
843.85,691591
839.6,576583
835.25,554465
856.92,268426
855.04,417466
859.7,607545
871.42,554009
868.38,635130
874.76,1195029
887.62,1618615
885.04,436478
885.86,357402
892.55,563428
890.27,524829
886.12,488694
898.15,559591
880.98,312158
875.81,467085
884.02,172349
881.24,179432
890.23,266000
875,177122
881.41,142359
875.08,114538
880.78,100191
876.62,138936
879.24,295061
903.56,171504
901.66,237052
909.13,263978
909.04,345944
947.53,497809
922.69,323168
901.39,171555
893.97,245553
895.68,169092
899.27,231770
894.59,411332
903.91,170181
911.4,285673
894.44,342213
893.23,497704
946.54,451256
968.51,448297
947.93,642828
974.11,1542719
1023.87,1432882
947.26,1332467
917.04,1015689
883.02,435531
862.08,1438811
885.27,1088235
855.52,524069
849.3,538329
850.54,343278
832.72,307480
843.27,1327101
881.07,1222136
806.67,259667
798.33,439473
791.62,148110
787.81,245459
813.54,202724
815.53,148959
811.74,162937
808.21,194281
836.98,336058
846.87,190163
838.7,179234
836.39,308157
870.05,284326
845.52,433849
868.57,174936
896.16,120236
903.79,233996
897.64,326224
952.31,286417
986.98,264050
997.53,399043
1007.05,580651
1028.44,832428
1002.42,328364
1006.64,224396
980.17,137405
986.02,136034
981.13,163053
977.61,175266
1005.98,148634
998,134334
1004.24,150297
1001.61,233735
1000.43,421872
1047,279582
1044.44,323044
1065.19,454705
1074.58,1012363
1064.98,449563
1004.3,501040
1018.29,1103748
1081.2,998846
928.58,275858
935.48,341908
972.77,218419
963.61,253022
995.45,202565
997.95,301064
1026.13,386972
1143.97,153564
1165.4,243879
1147.22,117362
1130.26,194902
1140.04,194832
1167.47,257025
1177.28,193316
1140.19,248629
1136.74,241421
1128.29,397381
1199.81,432208
1162.92,465678
1246.82,460096
1241.16,712924
1352.24,595189
1358.78,399490
1349.68,502554
1372.5,688094
1363.44,911528
1345.61,774385
1260.25,556849
1267.35,344892
1222.56,280275
1235.52,450074
1223.22,478577
1214.75,651470
1278.84,597305
1272.39,880809
1297.36,668121
1203.54,638958
1243.02,1069085
1238.87,1044269
1099.62,1019684
1059.62,538943
947.87,180060
944.01,184978
947.23,138294
925.91,235056
958.05,271616
970.45,244217
1039.76,512568
945.42,219465
956.97,220169
971.25,350248
1036.92,377138
1174.99,263663
1184.48,176715
1202.85,165707
1222.55,243174
1171.73,256755
1236.37,402110
1261.8,448178
1188.97,301790
1137.79,391658
1209.65,759314
1109.54,484992
1159.13,277967
1231.77,193539
1245.11,399956
1199.73,425901
1339.88,650262
1410.36,595583
1264.96,720960
1367.36,471463
1456.29,477999
1499.74,504569
1508.22,442316
1504,374017
1513.48,493707
1536.82,716437
1458.76,853779
1397.38,731658
1454.46,788796
1474.92,764792
1393.17,622541
1332.96,651564
1371.58,556916
1300.56,560566
1310.58,614413
1278.5,683441
1198.48,520097
1150.37,460101
1162.44,472632
1100.31,325643
1074.26,301864
1043.31,258376
991.83,332610
1055.32,338369
1063.76,466303
1086.43,638404
1024.05,395307
987.26,624399
977.42,638851
889.47,373432
868.97,268447
847.44,402871
858.72,340098
814.04,183850
780.39,135511
767.52,152735
768.91,149864
757.31,152167
764.28,261687
758.59,166752
732.05,113159
725.78,183322
731.68,277037
698.13,102336
707.82,116802
685.82,121331
682.24,141703
705.07,188141
722.28,307490
625.23,227439
676.45,276204
753.94,433660
793.25,250742
807.02,305753
808.2,301014
722.2,181421
716.74,215404
724.6,370655
637.67,266915
562.01,387633
571.63,302928
440.04,175095
410.39,133314
401.44,86477
398.95,115030
407.61,93285
393.52,100762
399.32,107074
414.09,116763
415.79,121120
410.16,104914
400.53,124661
428.61,95622
457.05,73791
462.63,95464
469.9,128590
479.81,125543
477.61,126226
507.25,146510
484.25,124059
463.21,116311
450.28,141388
506.94,125657
559.73,114981
539.8,138728
585.7,91927
616.29,94609
632.4,81039
664.75,68851
663.53,75758
663.75,105525
673.99,112238
690.57,110752
660.29,93947
643.69,84532
665.26,53830
674.24,71613
679.62,94116
702.32,89778
710.63,64830
724.7,42557
729.79,76536
730.57,77787
712.37,65590
722.7,69552
733.44,81728
754.4,61707
761.72,94181
769.04,143926
738.16,119373
734.98,137270
776.29,117294
692.78,113109
635.74,111908
640.12,100634
702.83,87105
753.58,98772
764.11,163730
787.67,93924
824.96,78694
823.27,54296
848.2,74884
863.77,54258
877.25,126153
849.57,84662
884.1,99347
916.25,170567
932.32,160565
939.51,75952
933.44,148494
939.46,113357
858.38,104407
850.94,115594
781.21,144831
863.41,106999
964.09,81781
1005.23,78256
1002.17,72555
1012.55,61146
1035.63,52472
1031.55,60103
1052.07,87149
1057.4,99108
1087.12,68987
1105.95,78387
1149.33,59560
1142.02,57155
1014.57,77014
1035.66,47347
1082.39,35912
1098.82,31699
1125.56,62671
1124.64,50464
1107.69,44812
1114.05,44462
1136.33,51595
1188.62,58149
1178.53,53216
1185.5,68043
1206.46,68826
1201.01,63782
1189.16,75245
1187.48,46512
1194.18,58330
1191.19,58976
1169.51,53610
1164.67,29061
1160.23,19846
1151.06,16975
1158.17,19490
1169.9,27924
1171.94,25146
1168.43,29101
1169.57,34755
1166.7,35158
1171.85,37747
1171.71,47202
1178.3,34897
1187.02,58732
1126.62,35100
1093.46,28747
1105.76,44007
1104.46,43184
1059.07,41002
1141.02,34033
1183.24,39394
1234.71,51615
1160.17,48389
1193.17,64528
1301.35,68128
1421.57,88969
1339.99,93725
1266.49,89657
616.99,65646
598.11,47790
571.82,29992
544.35,63283
523.36,33010
514.04,33897
506.53,33278
491.5,30950
468.11,48634
454.65,34414
449.96,33687
449.21,49359
453.62,64362
445.38,45704
444.16,52899
436.09,42392
424.58,37257
414.4,34706
407.25,54718
399.88,50596
410.06,51257
413.85,10170
414.42,15678
410.55,39211
406.72,10566
400.61,9415
391.11,20593
382.03,7066
381.65,3168
382.43,1866
381.93,10613
381.47,5298
381.33,1700
381.12,1673
381.01,4065
381.24,17391
381.44,12655
380.77,1892
379.13,10225
378.12,11820
378.69,4378
378.89,10290
377.99,3160
377.31,13628
377.66,4028
377.49,890
377.05,2646
376.38,2527
376.92,10326
376.14,4001
375.23,5011
373.53,20968
371.76,5237
369.76,8360
368.32,5614
367,2989
365.39,3405
364.66,9862
362.45,9524
360.1,5753
360.37,4862
360.5,30157
359.59,11582
347.99,10341
342.41,9401
337.11,7407
319.77,6369
319.68,457
317.04,1020
316.44,270
316.43,296
315.56,354
314.72,327
314.18,305
313.24,354
312.73,391
312.42,401
311.84,664
311.61,562
309.05,722
308.53,413
307.95,312
307.87,534
307.39,445
307.38,250
306.85,378
306.63,259
305.74,632
303.06,725
301.83,1605
300.62,943
299.66,659
298.77,892
297.68,3400
296.52,1436
293.75,928
292.75,584
291.71,1165
290.85,1551
288.03,1168
287.15,573
286.22,486
285.65,1046
282.83,4393
280.17,1094
279.51,760
278.68,493
277.85,580
277,746
274.41,1577
273.71,669
272.91,516
270.27,1631
269.35,1613
266.66,2050
265.77,742
264.81,1101
262.19,19128
259.6,33695
257.35,2502
255.45,2120
252.97,2454
250.85,2331
248.53,2133
246.31,2155
244.5,2325
242.24,2310
240.62,1885
238.25,2058
237.45,862
236.67,799
235.8,895
233.55,2474
231.22,14406
228.93,4833
226.88,2848
224.65,2805
222.77,4474
220.72,5906
218.6,3929
216.43,2380
215.78,2697
213.98,3217
211.86,32650
210.07,19357
208.25,2623
206.53,2128
204.53,3537
202.51,2968
200.51,6077
198.57,9562
196.61,11002
194.67,21493
192.85,10981
191.01,6638
189.12,20989
187.49,23745
186,11369
184.29,7360
182.48,18741
180.92,25594
181.82,33728
182.33,6541
183.19,1389
184.08,1426
185,4034
185.92,12075
186.88,23439
187.63,15822
188.65,28829
189.66,9933
187.79,37434
186.22,19699
187.22,21392
188.33,33434
189.24,3552
187.36,2765
185.51,1514
183.69,650
181.97,1475
180.22,1408
178.43,6759
176.66,2608
174.92,804
173.19,796
171.51,643
169.81,605
168.16,1296
166.49,3411
164.84,573
163.21,985
161.6,984
160.21,1537
158.63,5480
157.07,20039
155.54,3919
154.1,3715
152.61,1951
151.12,1107
149.62,2001
148.15,5126
146.68,11744
145.24,4731
143.8,4051
142.39,5601
141.52,4771
140.66,9279
140.19,8390
140.68,5988
139.39,7241
138.07,2764
136.7,10823
137.17,847
135.81,660
134.47,2796
133.14,11938
132.8,3144
133.38,5073
133.99,6023
134.64,8442
135.28,5874
135.96,14540
136.63,13394
135.27,2715
135.96,2838
136.85,22940
137.56,4935
136.19,4497
134.83,3409
133.49,1624
132.17,1960
130.86,13613
129.57,2299
128.29,1481
127.03,2030
125.77,6933
124.53,6633
125.34,20868
124.11,1372
122.89,543
121.67,400
120.47,100
119.35,266
118.17,308
117.12,3603
115.97,954
114.83,1211
113.82,388
112.75,530
111.68,1630
110.66,8619
110.08,1024
109.08,5609
108.25,18677
108.81,771
107.82,863
106.75,20192
105.77,3108
106.57,390
107.19,267
107.84,235
108.53,249
109.29,2266
110.03,423
110.82,1875
111.61,2764
112.41,4230
113.16,1465
113.94,4850
114.75,8411
115.56,13354
115.36,1495
115.79,148
116.19,282
116.63,430
117.08,646
117.45,178
117.9,201
118.34,105
118.77,301
119.21,399
119.64,239
120.16,466
120.62,320
121.09,1862
121.54,11589
121.72,10517
121.71,2063
121.21,816
120.73,11999
120.19,2185
120.61,961
121.12,668
121.62,1164
122.12,443
122.62,207
123.12,151
123.66,678
124.22,892
124.71,1250
125.17,790
125.63,326
126.15,498
128.77,957
129.31,514
129.89,933
130.41,568
130.94,719
131.46,982
131.99,2518
132.53,7124
133.01,2258
133.47,214
133.93,1094
134.4,810
134.87,3427
134.28,3220
133.67,876
133.13,1748
132.53,3624
131.92,1152
131.35,3774
130.97,9317
130.38,1234
129.79,2133
129.14,6641
128.58,8562
129.05,553
129.51,345
129.97,510
130.44,527
130.95,1387
131.46,5107
132.05,3447
132.61,1857
133.17,1095
133.72,354
134.24,2051
134.24,3004
134.25,658
134.24,509
134.74,1446
134.67,12530
134.6,13327
133.97,9990
133.34,5603
132.68,2926
132.06,217
131.44,420
130.14,141
128.84,91
127.61,78
126.45,108
125.28,66
125.27,100
120.25,15
114.55,32
109.13,28
104.39,197
99.98,1260
